ID,Q01,Q02,Q03,Q04,Q05,Q06,Q07,Q08,Q09,Q10,Q11,Q12,Q13,Q14,Q15
1,5,5,3,5,5,5,5,3,4,5,5,5,3,5,5
10,5,4,2,4,5,5,3,3,5,3,4,3,3,3,5
100,4,5,1,4,4,2,5,1,1,5,4,4,1,5,5
1000,4,1,1,1,4,1,3,1,1,1,4,1,1,4,5
1001,4,2,1,5,5,5,2,1,2,5,5,4,1,5,5
1002,3,1,1,1,3,1,1,1,1,3,3,1,1,1,3
1003,5,4,1,5,5,5,1,1,3,5,4,1,1,5,5
1005,4,1,1,1,1,1,1,1,1,4,1,1,1,3,3
1006,4,2,3,4,2,4,2,3,2,4,2,3,4,4,5
1007,4,3,1,3,2,3,3,1,2,5,4,3,3,5,5
1008,4,3,2,4,3,4,4,3,3,4,4,4,3,4,4
1009,5,2,3,4,4,2,1,5,2,4,1,2,3,4,5
101,5,4,3,3,4,4,3,3,2,2,4,3,2,4,4
1010,5,4,5,3,5,3,5,5,2,5,4,4,5,5,5
1011,5,5,1,1,4,5,3,1,2,4,4,1,1,4,5
1012,5,5,4,5,5,5,4,5,5,5,5,4,4,5,5
1013,5,5,3,5,5,5,5,3,3,5,5,5,5,5,5
1014,5,5,3,5,5,5,5,3,5,5,5,4,4,5,5
1015,3,4,2,5,4,4,4,3,3,3,4,3,3,5,5
1016,4,5,1,2,2,4,5,1,4,1,2,4,1,1,2
1017,5,5,1,5,5,5,5,1,1,5,5,4,1,5,5
1018,4,4,1,4,4,4,4,2,2,4,4,4,3,3,4
1019,4,3,1,3,4,2,2,3,4,4,3,3,4,3,4
102,3,5,4,4,5,5,5,4,2,5,5,4,5,3,5
1020,5,4,3,3,5,4,4,3,4,5,4,4,3,4,5
1021,5,4,5,5,5,5,5,3,5,4,5,5,2,5,4
1022,4,4,1,5,5,3,5,1,1,3,5,1,1,4,5
1023,5,4,2,3,2,4,4,2,1,5,4,3,2,2,5
1024,1,1,1,1,1,1,1,1,1,1,1,1,1,1,1
1025,5,5,5,5,5,5,1,5,3,5,5,3,3,3,5
1026,5,4,1,4,3,4,2,1,2,4,5,3,1,3,5
1027,3,4,5,1,3,1,4,5,3,3,4,2,4,4,5
1028,1,5,1,1,5,4,5,5,5,1,5,5,1,4,5
1029,5,5,3,3,4,4,4,5,2,5,5,3,4,3,5
103,4,4,4,4,4,4,4,4,4,4,4,4,4,4,4
1030,4,2,1,1,1,1,1,2,1,5,2,1,1,2,5
1031,4,2,3,2,4,4,3,4,4,4,2,2,4,4,4
1032,3,4,1,5,4,4,3,2,3,4,4,3,1,5,5
1033,2,2,1,1,1,1,1,1,1,3,1,1,1,1,2
1034,3,3,4,1,2,3,1,5,3,4,4,1,5,4,5
1035,4,1,4,1,1,4,1,1,1,5,4,1,1,1,5
1036,4,4,2,4,2,4,2,3,2,3,4,3,2,2,4
1038,5,5,1,5,5,5,5,5,5,5,5,5,3,5,5
1039,4,4,1,4,5,3,5,1,2,5,4,5,1,5,5
104,5,5,2,5,2,4,5,4,2,5,3,4,3,5,5
1040,4,2,4,5,5,3,3,5,4,4,5,3,2,4,5
1041,3,2,1,2,3,2,2,2,1,4,4,2,1,1,5
1042,4,4,1,4,3,4,5,1,1,1,3,4,1,5,5
1043,2,5,1,5,4,5,5,1,2,1,2,5,1,2,5
1044,2,3,1,1,2,2,1,1,1,2,1,1,1,2,4
1045,5,2,5,5,5,3,1,5,2,4,5,1,4,4,4
1046,5,5,1,1,1,4,5,1,1,1,5,5,1,5,5
1047,5,5,1,1,1,5,3,5,1,3,5,1,5,3,5
1048,5,2,1,2,5,3,1,1,2,3,3,1,1,2,5
1049,3,3,2,2,3,4,4,2,1,4,4,2,3,4,5
105,3,3,1,3,4,3,3,1,3,2,4,4,1,3,4
1050,4,4,3,3,4,4,3,3,2,3,4,3,3,4,4
1051,5,5,4,4,5,5,2,4,1,4,4,4,2,2,5
1052,1,2,1,1,1,4,2,2,1,4,4,1,1,1,3
1053,4,2,3,1,1,4,1,1,1,4,4,2,1,1,5
1054,4,4,2,4,4,4,4,2,2,4,4,4,2,4,4
1055,5,4,3,2,5,3,5,2,4,5,3,3,3,4,5
1056,4,3,1,2,1,4,4,5,1,4,3,1,1,1,5
1057,4,2,1,1,4,4,4,2,1,4,2,2,1,2,5
1058,4,1,1,1,4,1,1,1,1,1,1,1,1,3,2
1059,3,1,1,1,1,1,2,1,1,1,1,2,1,1,4
106,3,3,1,1,4,2,1,1,1,3,3,1,1,2,5
1060,1,1,1,1,4,1,1,1,1,4,4,1,1,1,1
1061,5,5,4,5,5,5,5,3,3,5,5,5,3,3,5
1062,1,3,1,1,1,3,1,1,1,2,1,1,1,4,3
1063,5,4,2,2,3,5,2,5,2,2,5,1,4,4,5
1064,3,3,1,3,5,5,1,1,1,1,5,1,1,5,5
1065,1,3,3,1,1,1,1,1,1,1,1,1,1,1,1
1066,5,5,3,3,3,5,4,5,4,5,5,5,4,3,5
1067,1,1,1,1,1,1,1,1,1,1,1,1,1,1,3
1068,3,2,2,2,4,2,2,3,1,3,4,3,2,2,4
1069,2,1,1,1,4,1,1,1,1,2,4,1,1,1,2
107,4,2,1,1,1,2,1,1,1,4,1,1,1,3,3
1070,3,4,1,4,5,4,1,4,1,4,4,1,2,1,4
1071,1,1,1,1,1,1,1,1,1,1,1,1,1,1,1
1072,4,1,2,5,2,4,3,4,1,4,3,1,1,1,2
1073,5,1,5,4,5,5,5,3,4,5,5,5,3,5,5
1074,5,5,5,5,5,5,5,5,5,5,5,5,5,5,5
1075,4,2,1,2,3,2,1,1,1,3,3,1,1,2,2
1076,4,1,1,1,1,1,1,1,1,4,1,1,1,1,4
1077,4,3,1,1,1,1,2,1,1,1,2,1,1,1,1
1078,1,1,1,1,1,1,1,1,1,1,1,1,1,1,1
1079,5,5,5,5,5,5,3,5,3,3,4,5,5,5,5
108,5,5,1,4,4,4,5,1,1,5,5,5,1,3,5
1080,2,1,1,2,1,4,1,1,1,2,4,1,1,1,1
1081,2,2,3,1,2,1,2,3,2,4,2,1,3,3,2
1082,2,3,4,1,1,2,2,4,2,4,3,2,2,1,5
1083,3,1,1,1,2,2,1,1,1,4,3,1,1,1,3
1084,5,5,4,4,5,4,5,5,4,5,5,5,4,5,5
1085,1,1,1,2,1,2,1,3,1,4,1,1,4,1,2
1086,5,5,4,5,5,5,5,5,5,5,5,5,3,3,5
1087,5,5,1,1,3,5,3,1,5,5,3,1,1,1,5
1088,4,1,1,3,2,1,1,1,1,4,1,1,1,1,4
1089,4,2,4,1,3,3,2,4,1,4,2,3,1,4,4
109,5,5,5,5,5,5,5,5,2,5,5,5,3,5,5
1090,1,1,1,1,1,1,1,1,1,1,1,1,1,1,1
1091,1,3,1,1,1,1,3,2,1,1,1,3,1,1,3
1092,3,2,4,3,4,1,1,4,3,3,2,2,3,1,4
1093,4,4,4,4,4,4,4,5,2,4,3,2,4,4,5
1094,5,3,5,3,5,3,4,5,1,5,5,3,5,3,5
1095,3,4,1,2,5,3,3,1,1,4,2,4,1,3,5
1097,4,3,2,4,4,4,2,2,2,1,4,2,3,4,5
1098,1,4,1,1,5,1,4,1,1,5,1,4,1,1,5
11,5,4,4,5,4,5,5,5,5,5,5,5,4,4,5
110,1,1,1,1,1,1,2,2,1,3,1,1,1,1,1
1100,1,1,1,1,1,1,1,1,1,1,1,1,1,1,1
1101,1,1,1,1,1,1,1,1,1,1,1,1,1,1,1
1102,2,2,1,1,2,1,1,1,1,4,1,1,1,2,5
1103,1,5,4,1,4,5,5,1,1,3,1,4,1,1,5
1104,4,2,1,2,5,4,1,2,1,4,4,1,1,1,5
1105,1,1,1,1,5,3,1,2,2,1,1,1,1,1,3
1106,4,3,1,1,2,3,2,1,1,2,3,1,1,1,5
1107,5,5,2,4,5,5,3,3,3,3,4,4,3,5,4
1108,2,4,1,1,1,1,4,1,1,1,3,3,1,1,1
1109,2,1,1,1,3,1,1,1,1,3,2,1,1,1,1
111,4,1,1,1,4,1,1,1,1,5,2,1,1,1,5
1110,5,3,1,2,5,2,4,2,1,1,3,4,1,3,5
1111,3,3,1,2,2,4,2,1,1,4,3,1,1,2,3
1112,4,4,1,4,5,5,5,1,1,1,4,4,1,3,3
1113,2,1,1,1,1,1,1,1,1,3,1,1,1,1,3
1114,4,1,1,2,2,3,2,2,2,4,4,1,1,2,2
1115,2,1,1,2,2,1,1,1,1,3,1,2,1,1,2
1116,2,3,1,1,1,1,4,2,2,2,1,2,1,2,4
1117,4,2,1,2,4,5,3,1,1,5,3,4,1,1,5
1118,4,2,1,1,2,4,1,1,2,2,4,2,1,1,2
1119,5,5,1,3,5,5,5,5,2,5,5,5,5,3,5
112,5,2,1,2,3,1,1,1,1,3,2,4,1,3,5
1120,4,4,2,3,4,2,2,4,2,4,2,3,4,2,4
1121,4,3,1,1,3,2,1,1,1,1,2,1,1,2,3
1122,3,4,2,3,3,3,3,3,3,3,3,3,3,3,4
1123,5,4,4,3,4,5,3,5,3,5,4,3,4,3,5
1124,3,5,3,2,4,5,4,2,1,5,2,1,1,3,3
1125,3,2,4,1,1,1,1,4,2,4,2,1,3,1,4
1126,5,2,1,3,5,4,4,1,5,5,4,5,1,5,5
1127,1,2,1,2,1,2,2,1,2,2,2,2,1,2,2
1128,3,1,3,1,3,1,1,4,1,4,1,3,1,3,3
1129,3,1,1,1,3,4,3,2,1,3,3,2,1,2,4
113,4,3,1,2,3,3,2,1,1,5,3,2,1,3,5
1130,4,3,1,2,1,2,4,3,2,5,2,4,3,4,5
1131,5,5,3,4,4,4,3,3,2,4,4,4,3,4,5
1132,2,1,1,1,1,1,1,3,1,3,2,2,1,2,5
1134,5,5,1,1,4,1,1,1,1,4,3,3,1,1,5
1135,2,3,1,2,3,3,2,1,3,4,3,2,1,3,3
1136,4,3,3,4,4,3,3,5,3,3,4,3,4,4,5
1137,4,4,3,4,4,4,4,3,4,4,4,4,3,4,4
1138,5,4,2,2,1,3,4,2,3,4,3,2,1,3,5
1139,3,3,3,5,5,5,5,3,3,3,3,5,3,5,5
114,4,1,1,1,1,4,1,3,4,5,5,1,4,1,5
1140,3,2,3,2,2,1,1,3,1,5,4,1,2,1,4
1141,3,1,2,1,2,1,1,3,3,4,3,1,3,4,3
1142,1,2,1,2,1,2,2,2,2,4,2,1,1,2,3
1143,5,5,4,5,5,5,4,4,5,3,5,4,5,5,5
1144,1,1,1,1,5,3,1,1,1,5,1,5,1,1,5
1145,4,2,1,2,3,5,2,1,1,3,3,2,1,2,5
1146,5,2,1,1,2,1,3,1,1,1,1,2,1,3,5
1147,4,1,1,1,1,1,1,1,1,1,1,1,1,1,4
1148,5,5,1,3,3,5,3,1,5,5,5,5,1,5,5
1149,4,4,4,5,5,5,5,5,4,5,4,4,4,5,5
115,3,1,1,1,2,3,1,1,1,3,1,3,1,2,3
1150,3,3,2,4,5,4,2,2,2,4,4,3,3,5,5
1151,5,5,5,5,5,5,5,5,5,5,5,5,4,5,5
1152,3,3,1,2,3,2,2,3,2,5,3,3,4,2,5
1153,1,1,1,1,1,1,1,1,1,1,4,1,1,1,5
1154,5,1,1,1,1,1,1,1,1,1,5,1,1,1,5
1155,5,4,2,5,5,5,4,3,3,5,5,3,4,5,5
1156,3,4,4,2,4,2,3,2,4,2,2,3,2,2,3
1157,3,4,1,3,4,5,5,1,2,4,4,5,1,4,5
1158,4,3,3,2,4,5,4,4,3,5,5,3,4,5,5
1159,1,1,1,1,1,1,1,1,1,1,1,1,1,1,1
116,5,4,4,4,5,5,5,4,5,5,5,4,3,5,5
1160,5,5,1,4,3,4,5,1,1,5,4,5,1,5,5
1161,4,2,1,2,4,4,4,1,5,5,4,4,1,2,5
1162,1,2,1,1,2,1,1,1,1,2,1,1,1,1,3
1163,5,5,3,4,4,5,4,3,3,4,5,5,3,5,5
1165,4,3,4,2,4,4,4,4,4,2,4,2,2,2,4
1166,5,5,5,5,5,5,5,5,5,5,5,5,5,5,5
1167,1,1,1,1,1,1,3,1,4,4,3,2,1,3,5
1168,5,5,2,4,4,4,1,3,3,4,4,2,1,4,5
1169,1,3,4,2,5,1,4,5,3,2,1,3,2,3,4
117,5,4,4,5,5,5,5,4,5,4,5,4,2,4,5
1170,4,2,4,2,4,3,2,4,2,2,2,3,3,3,5
1171,5,4,5,4,5,2,5,5,2,5,5,4,2,5,5
1172,5,4,1,1,4,2,2,1,1,1,5,4,1,2,5
1173,4,5,1,3,4,4,4,2,1,4,2,2,1,1,4
1174,2,1,1,4,3,2,1,1,2,3,1,1,1,2,3
1175,5,5,4,5,5,5,5,5,5,5,5,5,4,5,5
1176,1,2,1,1,2,2,1,1,1,3,3,2,1,2,5
1177,5,5,1,5,5,5,5,1,5,5,5,5,1,5,5
1178,2,4,2,4,4,4,2,2,4,5,2,4,2,4,4
1179,1,1,1,1,1,5,3,1,1,1,1,2,1,5,5
118,4,1,1,1,1,1,1,1,1,4,1,1,1,1,4
1180,5,1,1,1,1,1,1,5,1,5,1,1,1,5,1
1181,5,4,4,4,3,3,3,5,2,5,3,3,1,2,3
1183,5,4,1,4,4,4,2,3,2,5,4,2,2,5,5
1184,4,5,5,4,5,5,2,5,5,5,4,5,5,5,1
1185,3,5,5,5,5,5,5,1,5,5,5,5,5,5,1
1186,4,3,1,3,5,3,3,1,4,4,4,3,1,4,5
1187,2,1,1,1,2,1,1,1,1,2,2,1,1,1,3
1188,1,5,1,1,5,1,1,1,1,3,1,1,1,1,5
1189,5,1,1,2,5,1,1,3,2,5,4,1,3,5,5
119,3,2,4,3,4,2,3,5,1,3,3,2,4,3,5
1190,1,1,2,1,2,2,1,4,3,3,4,1,2,1,4
1191,4,1,1,2,2,4,1,1,1,1,3,1,1,2,4
1193,4,4,2,2,2,4,4,3,4,4,3,4,2,3,3
1194,4,4,1,1,5,5,2,3,2,4,3,2,1,1,5
1195,4,3,3,3,4,1,3,3,3,4,4,2,3,3,5
1196,4,4,5,4,2,2,4,5,3,5,5,4,5,4,5
1197,4,2,1,2,4,3,1,1,1,2,2,2,1,2,4
1198,2,4,1,2,3,3,4,1,4,2,3,3,1,3,4
1199,4,4,3,4,5,3,2,3,2,4,4,2,2,2,4
12,4,4,1,3,4,2,4,1,1,4,4,1,1,4,4
120,5,5,2,4,4,5,4,3,1,1,4,5,1,5,5
1200,5,5,5,5,5,5,4,5,5,5,5,5,5,5,5
1201,3,2,1,2,2,2,1,1,3,5,4,2,1,1,5
1202,4,4,3,4,5,3,4,3,3,5,4,4,3,3,5
1203,5,5,1,5,5,5,5,1,5,4,5,5,1,5,5
1204,3,5,1,3,5,3,5,1,2,5,4,4,4,2,5
1205,5,2,1,2,2,2,2,1,2,3,3,2,1,3,5
1206,5,1,1,3,1,2,1,1,1,1,3,1,1,4,5
1207,1,2,1,1,1,1,1,1,1,2,1,1,1,2,1
1208,3,4,3,5,5,5,5,3,3,4,4,5,5,3,5
1209,1,1,1,1,2,1,3,1,1,3,1,1,1,2,5
1210,4,4,4,4,4,4,4,5,4,5,4,4,4,2,4
1211,5,2,5,1,5,5,4,5,5,3,5,1,5,1,5
1212,4,5,4,5,5,5,5,3,5,5,4,5,3,5,5
1213,1,1,1,1,1,1,1,1,1,2,1,1,1,2,4
1214,1,1,1,1,2,1,2,1,1,2,1,1,1,1,5
1215,4,3,3,3,3,2,3,2,2,3,3,3,2,4,4
1216,1,1,1,1,2,1,1,1,2,2,2,2,1,2,4
1218,3,1,3,1,4,3,2,3,1,4,2,1,1,1,3
1219,4,4,1,1,1,4,2,1,4,4,2,2,1,1,4
122,4,4,1,4,4,3,2,2,2,4,2,2,2,4,4
1220,3,3,3,4,5,3,2,5,4,2,3,2,5,4,5
1221,4,1,5,4,4,1,1,5,1,1,5,1,4,1,5
1222,1,2,1,2,2,1,2,2,1,4,1,1,1,1,4
1223,5,5,5,5,5,5,5,5,5,5,5,5,5,5,5
1224,4,5,1,4,4,3,5,1,1,4,5,4,1,4,5
1225,4,4,1,4,4,4,5,1,3,4,5,4,1,4,5
1226,1,3,1,1,4,1,1,1,1,4,3,1,1,1,3
1227,5,2,1,4,5,4,1,2,1,5,5,1,1,3,5
1228,4,4,2,2,3,4,2,2,3,3,4,5,3,3,4
1229,5,5,5,5,5,5,5,5,4,3,5,5,3,5,5
1230,3,5,3,5,5,5,5,3,5,3,5,3,3,5,5
1231,4,3,3,3,3,4,2,3,2,4,3,2,3,2,5
1232,5,5,1,5,4,4,3,1,3,3,5,4,1,5,5
1233,5,5,3,4,5,5,5,4,2,5,5,5,4,4,5
1234,5,3,1,2,4,4,2,1,1,3,3,1,1,2,4
1235,2,4,3,3,4,3,4,3,2,3,4,3,2,4,4
1236,3,3,2,4,5,2,4,2,5,4,3,5,2,3,4
1237,4,2,1,2,1,2,1,1,2,4,4,1,1,2,3
1238,5,3,1,3,5,5,3,1,2,5,4,5,1,1,5
1239,4,1,1,1,1,1,1,1,1,2,4,1,1,5,5
124,4,4,2,2,3,2,4,3,3,4,4,4,2,4,2
1240,5,5,3,4,5,5,5,4,4,5,5,5,3,5,5
1241,4,5,3,3,3,3,3,4,1,5,3,5,3,2,4
1242,5,2,1,1,1,2,1,1,1,4,4,1,1,1,5
1243,5,1,1,1,1,1,1,1,1,5,1,1,1,1,5
1244,5,5,2,4,4,5,5,3,4,3,4,5,2,4,5
1245,2,1,1,1,1,1,1,1,1,3,2,1,1,1,3
1246,5,5,5,5,5,5,5,5,5,5,5,5,5,5,5
1247,5,2,5,4,5,5,1,5,1,5,5,1,5,5,5
1248,1,1,1,1,2,1,2,1,1,4,2,2,1,2,4
1249,1,1,4,4,1,1,1,4,1,4,1,1,1,1,4
125,4,4,1,2,5,2,4,1,1,2,4,4,1,5,5
1250,3,4,1,1,4,3,3,1,1,5,3,3,1,2,5
1251,3,5,1,3,3,3,4,3,3,3,3,4,1,1,5
1252,5,4,3,3,1,5,3,5,4,4,5,3,4,2,5
1253,2,4,3,2,3,4,3,3,1,3,5,5,3,4,5
1254,2,2,3,1,4,4,3,4,4,4,3,1,3,4,5
1255,5,4,5,1,5,3,5,5,4,5,4,5,5,3,5
1256,5,2,1,1,4,3,2,1,1,5,2,4,1,2,5
1257,5,5,5,5,5,5,5,5,5,5,4,5,3,5,5
1258,1,2,1,5,5,4,4,1,1,5,1,1,1,5,5
1259,1,1,1,1,1,1,1,1,1,3,1,1,1,1,4
126,1,1,1,3,1,1,1,1,1,5,4,1,1,1,4
1260,4,2,1,2,4,4,3,2,2,4,4,3,2,4,5
1261,5,1,1,1,1,1,1,1,1,1,5,1,1,1,4
1262,3,3,3,3,3,3,3,3,3,3,3,3,3,3,3
1263,4,2,1,3,4,2,3,1,3,4,5,2,3,5,5
1264,3,2,1,1,1,4,1,1,2,4,2,1,1,1,5
1265,4,1,1,3,1,4,1,1,1,3,4,1,1,1,4
1266,1,1,1,3,1,5,1,1,1,1,1,1,1,1,5
1267,1,2,1,1,1,1,3,1,1,2,1,1,1,1,4
1268,5,1,3,2,1,5,2,3,1,2,5,1,1,3,5
1269,3,5,3,1,3,4,5,5,1,5,3,4,3,5,5
127,5,1,1,1,2,1,2,1,1,5,4,2,1,4,5
1270,1,5,4,5,4,4,5,2,1,2,4,5,1,1,4
1271,5,4,5,4,5,4,5,5,5,5,5,5,5,5,5
1272,4,1,1,1,4,3,1,5,2,4,2,2,1,2,5
1273,1,4,1,1,2,4,1,1,1,4,2,1,1,1,4
1274,5,5,1,1,4,3,2,1,1,5,2,2,1,3,5
1275,4,2,1,1,4,5,3,1,3,4,3,3,1,4,5
1277,2,1,1,1,2,1,1,1,1,4,3,1,1,1,5
1278,1,1,1,1,1,1,1,1,1,1,1,1,1,1,5
1279,5,4,5,5,5,5,4,5,5,5,5,5,5,5,5
1280,4,4,1,3,5,4,4,4,2,4,4,4,4,1,5
1281,1,1,1,1,1,1,1,1,1,1,1,1,1,1,2
1282,3,4,1,2,4,2,4,2,2,4,3,4,2,2,5
1283,1,1,1,1,1,1,1,1,1,1,1,1,1,1,1
1284,1,1,1,1,2,1,1,1,1,1,1,1,1,1,1
1285,2,1,1,3,1,5,2,3,1,4,1,1,1,3,4
1286,3,4,2,4,4,2,3,2,1,4,3,2,2,2,4
1287,5,4,1,4,5,3,5,5,5,4,3,2,1,4,4
1288,5,4,2,5,5,5,4,3,4,5,3,5,3,3,5
1289,1,1,1,1,1,1,1,1,2,1,2,1,1,1,3
129,4,5,2,2,4,5,5,2,5,3,5,5,4,5,5
1290,5,4,3,5,5,5,4,4,5,5,4,5,4,5,5
1292,4,4,4,4,4,4,3,4,3,3,3,4,3,3,4
1293,2,2,1,4,2,1,3,2,1,5,2,3,3,4,5
1294,4,5,3,4,4,5,5,3,1,5,5,4,3,4,5
1295,1,3,5,1,1,2,1,4,1,1,1,1,1,1,4
1296,3,3,2,3,4,2,2,2,2,3,3,3,3,4,4
1297,1,1,1,1,2,1,1,5,1,5,4,1,3,1,5
1298,5,1,1,5,5,5,1,3,3,4,5,1,1,5,5
1299,5,5,1,3,5,4,4,1,3,3,4,4,1,3,5
13,2,1,1,1,1,1,1,1,1,2,2,1,1,1,2
130,3,2,1,4,5,4,2,1,1,5,4,2,1,5,5
1300,1,1,1,1,4,2,1,1,1,4,1,1,1,1,5
1302,3,2,2,2,4,2,2,2,2,4,3,2,2,3,4
1303,5,5,3,5,4,5,5,3,4,5,5,5,1,5,5
1304,5,5,5,5,5,5,5,5,5,5,5,5,5,5,5
1305,5,5,1,4,5,5,5,2,3,4,5,5,3,3,5
1306,5,4,5,5,5,4,5,5,5,3,5,5,5,5,5
1307,4,5,1,3,5,4,5,1,4,3,3,5,1,4,5
1308,5,5,1,4,5,4,5,1,3,5,4,5,1,4,5
131,4,5,2,2,3,4,4,4,2,5,4,4,4,3,5
1310,5,1,1,5,5,5,5,1,4,5,5,5,5,5,5
1311,3,2,4,3,2,2,2,4,3,4,2,2,2,4,4
1312,3,3,3,4,4,3,3,3,3,4,3,3,3,3,4
1313,4,4,1,2,2,2,4,1,1,4,4,4,1,2,4
1314,4,2,1,2,5,5,4,1,2,4,4,3,1,5,5
1315,4,4,2,2,4,3,1,5,2,5,3,2,2,2,5
1316,1,2,2,2,2,2,2,2,2,2,2,2,2,2,4
1317,4,2,1,1,1,4,2,1,2,2,5,2,1,5,5
1318,5,4,2,2,5,3,4,2,4,3,3,4,3,3,5
1319,2,1,1,2,3,2,1,1,1,2,2,1,1,1,4
132,3,1,2,1,3,3,1,2,2,4,2,3,1,1,5
1320,1,1,1,2,2,2,1,2,1,4,2,2,1,2,4
1321,5,5,1,5,1,5,1,1,1,1,5,1,1,1,5
1323,5,5,5,2,5,5,5,5,2,5,5,2,5,5,5
1325,5,5,2,2,3,5,5,2,4,5,4,5,2,3,5
1326,4,3,1,4,4,4,4,1,3,4,4,4,1,4,5
1327,5,2,1,1,1,4,3,2,1,2,5,3,1,4,5
1328,5,5,3,5,5,5,5,3,5,5,5,5,3,5,5
1329,1,1,1,1,2,1,1,1,1,1,4,1,1,1,2
133,2,5,1,2,3,3,1,1,5,3,4,1,1,5,4
1330,4,2,1,3,3,4,3,1,1,5,4,2,1,1,5
1331,1,2,1,2,2,1,1,1,2,2,1,1,1,1,5
1332,3,3,1,1,1,1,1,1,1,2,3,1,1,2,4
1333,5,2,1,1,1,3,2,1,2,4,3,1,1,2,5
1334,5,3,1,3,2,4,2,1,3,4,5,3,1,5,5
1335,4,4,1,3,5,4,4,2,3,4,3,5,1,4,5
1336,5,3,1,1,1,2,4,1,1,4,3,3,1,2,5
1337,5,2,1,4,4,4,5,1,2,5,5,4,1,4,5
1338,2,4,1,1,3,4,1,1,1,4,1,4,1,1,4
1339,5,4,4,5,4,3,2,5,1,4,3,2,4,5,4
134,1,4,1,1,1,1,1,1,3,2,2,1,1,1,1
1340,5,5,1,5,5,5,4,1,5,2,5,5,1,5,5
1341,4,5,2,5,3,4,3,3,3,5,4,3,2,5,5
1342,2,5,1,3,1,4,5,1,2,4,3,4,1,3,5
1343,5,5,5,3,5,5,5,5,5,5,5,5,5,5,5
1344,2,1,1,1,2,2,2,1,2,2,2,2,1,1,3
1346,4,1,1,1,2,1,1,1,1,4,4,1,1,2,4
1347,4,5,3,4,5,4,4,3,2,2,3,4,5,3,5
1349,1,5,1,1,1,1,1,1,1,3,1,1,5,1,1
135,5,2,1,4,2,5,4,1,1,5,3,2,1,5,5
1350,5,4,5,4,5,4,4,5,5,3,4,5,4,5,5
1351,4,2,1,1,3,2,4,1,1,5,5,2,1,4,4
1352,3,2,2,1,1,2,2,3,1,1,3,2,3,3,5
1353,5,5,3,5,5,5,5,3,5,5,5,5,3,5,5
1354,5,4,1,4,4,4,3,1,2,1,3,4,1,5,5
1355,4,4,1,3,5,2,4,1,3,3,4,4,1,5,4
1356,4,1,1,1,1,4,1,1,1,1,2,1,1,1,5
1357,4,4,1,1,1,3,1,3,1,4,4,1,1,2,5
1358,5,5,1,5,5,5,2,1,5,1,5,5,1,5,5
1359,2,1,1,1,2,2,4,1,2,1,2,2,2,3,5
136,4,2,3,3,4,3,2,4,3,3,4,2,3,3,4
1360,1,1,1,1,1,1,1,1,1,1,1,1,1,1,1
1361,4,5,1,3,5,5,4,1,4,4,4,4,1,4,4
1362,3,2,4,3,4,3,4,5,4,4,4,3,4,4,2
1363,4,1,1,1,4,4,1,1,1,3,4,1,1,2,5
1364,4,4,1,1,5,3,4,1,4,5,4,3,1,2,4
1365,5,2,1,2,4,1,3,5,1,4,4,4,5,4,5
1366,4,3,1,4,5,4,3,1,3,5,4,4,1,5,5
1367,5,5,1,4,4,5,3,3,2,5,5,5,1,1,4
1368,4,3,2,2,5,4,5,2,1,1,4,3,1,1,5
1369,4,1,1,1,5,2,1,1,1,5,1,1,1,4,5
137,3,5,1,5,4,4,5,1,2,2,4,4,1,4,5
1370,1,1,1,1,2,2,1,1,1,2,2,1,1,1,3
1371,5,5,1,2,4,5,4,1,1,5,1,5,1,4,5
1372,5,5,5,5,5,5,3,5,5,5,5,3,5,5,5
1373,4,2,1,4,5,4,2,1,2,5,5,2,2,2,5
1374,4,4,3,4,3,4,4,3,3,5,4,5,4,2,5
1376,4,4,1,1,4,1,2,1,1,4,2,1,1,1,4
1377,2,1,2,2,1,1,1,2,1,1,1,1,1,1,4
1378,4,3,1,2,4,3,3,1,1,3,3,2,1,1,4
1379,5,5,2,4,4,4,4,3,4,5,4,4,4,5,5
138,5,5,2,1,1,1,3,2,1,5,4,5,2,1,5
1381,4,3,2,4,4,4,2,4,2,4,4,2,1,5,4
1382,4,3,1,3,1,1,1,2,2,1,1,1,1,2,4
1383,5,4,2,4,4,4,4,4,3,3,4,4,3,3,5
1384,4,3,2,4,5,4,3,4,1,3,2,2,2,2,5
1385,3,2,1,1,3,1,1,1,1,3,1,1,1,2,5
1386,5,4,3,2,2,4,2,3,2,5,4,2,2,1,4
1387,4,4,3,2,3,4,4,4,4,4,4,4,3,3,4
1388,5,4,1,5,1,4,3,3,1,4,2,1,1,4,4
1389,1,2,1,1,4,1,1,1,1,1,1,2,2,1,4
139,4,4,2,3,2,2,2,3,2,5,5,3,2,4,4
1390,5,5,1,4,4,5,4,1,1,3,4,4,3,3,5
1391,2,2,2,4,4,2,2,4,2,4,4,2,2,4,5
1393,2,4,2,2,4,2,4,3,4,5,3,3,2,4,4
1395,1,1,1,1,1,1,1,2,2,1,2,1,1,2,2
1396,5,5,1,1,5,5,4,2,1,4,5,5,1,5,5
1397,5,5,4,5,5,3,5,5,2,5,3,5,5,2,5
1398,5,5,3,4,2,4,5,3,1,5,4,5,4,2,5
1399,4,4,1,2,4,4,3,1,2,5,4,3,2,2,4
14,4,2,1,1,1,1,1,1,1,3,2,2,1,2,3
140,5,5,1,4,4,5,2,1,5,1,5,4,1,5,5
1400,5,4,1,4,3,5,4,1,1,4,5,5,1,3,4
1401,4,3,2,2,5,2,3,2,2,5,4,3,3,3,5
1402,5,5,5,5,5,5,5,5,5,5,5,5,5,5,5
1403,1,1,1,1,1,1,1,1,1,4,1,1,1,1,4
1404,3,4,2,2,4,4,4,1,2,4,4,2,1,4,4
1405,2,4,1,3,4,3,2,1,2,5,4,4,2,4,4
1406,3,4,1,1,1,1,2,1,2,1,3,1,2,3,4
1407,4,4,1,1,1,1,4,1,1,4,4,3,1,1,4
1408,5,3,2,5,4,4,2,5,1,4,4,1,3,4,5
1409,3,4,1,2,5,3,5,1,5,1,5,2,2,5,5
141,5,5,1,2,5,4,1,2,2,5,4,4,1,5,5
1410,3,2,1,3,3,4,3,2,1,4,2,5,1,4,5
1411,5,2,2,3,5,5,3,2,2,4,3,1,2,4,5
1412,2,3,1,1,1,2,1,1,1,2,2,1,1,2,2
1413,1,5,1,5,5,5,1,1,1,1,5,5,1,5,5
1414,4,1,1,4,3,5,1,1,1,4,4,1,1,3,5
1415,5,5,5,5,5,5,5,5,5,5,5,5,5,5,5
1416,1,1,1,1,1,1,1,1,1,2,1,1,1,2,1
1417,4,5,2,2,4,5,4,3,3,5,4,4,3,3,4
1418,3,1,1,1,1,3,1,1,1,5,4,1,1,1,3
1419,1,2,1,1,1,2,1,1,1,3,1,1,1,3,3
142,5,5,1,5,5,5,5,1,4,3,5,5,1,4,5
1420,5,5,4,4,2,5,4,5,4,5,4,4,4,5,2
1421,5,5,3,5,5,5,5,3,5,5,5,5,3,5,5
1422,2,3,1,1,1,2,1,1,1,2,2,2,1,1,5
1423,4,3,1,4,5,4,3,1,5,5,5,3,1,4,5
1424,3,2,1,2,2,3,1,1,1,2,4,1,1,1,3
1425,5,5,5,5,5,5,4,5,4,5,5,2,5,5,5
1426,4,4,4,3,5,4,4,4,4,5,3,4,3,4,4
1427,4,3,2,2,2,2,2,3,2,3,3,3,4,4,4
1428,4,2,4,4,2,4,2,4,2,5,5,1,2,4,5
1429,2,1,1,1,2,2,1,1,1,4,4,1,1,1,4
143,5,5,3,3,2,5,3,2,4,1,5,1,1,5,5
1430,4,4,2,5,4,5,5,2,2,2,4,4,2,5,5
1431,1,1,1,1,1,1,1,1,1,1,2,1,1,1,1
1432,1,1,1,1,1,1,1,1,1,1,1,1,1,1,1
1433,4,3,1,4,4,4,3,3,4,5,5,3,4,5,5
1434,2,2,1,1,3,2,1,1,1,4,2,1,1,2,4
1435,4,4,5,3,4,5,3,5,3,5,2,5,3,5,5
1436,4,4,1,3,4,3,4,4,2,5,4,3,2,3,5
1437,4,4,1,1,4,4,2,1,1,5,4,4,1,5,5
1438,1,5,1,1,5,1,3,5,1,1,5,5,1,5,5
1439,2,2,1,2,5,1,1,1,1,3,3,1,1,2,5
144,4,3,2,4,3,3,3,2,2,4,3,3,2,3,4
1440,2,1,3,2,1,2,1,3,2,4,4,2,2,4,3
1441,3,1,1,3,4,3,2,1,1,5,3,1,1,3,5
1442,3,1,2,1,3,3,1,1,1,5,4,2,1,2,5
1443,4,3,1,3,2,5,2,4,2,5,5,2,3,4,5
1444,4,2,1,2,3,3,2,1,1,3,4,1,1,2,5
1445,3,2,1,1,2,3,2,3,1,4,4,2,2,3,5
1446,4,4,1,2,5,4,2,1,1,3,4,3,1,3,5
1447,1,2,1,1,1,2,1,1,1,4,2,1,1,2,5
1448,2,1,1,1,1,1,1,1,1,5,1,1,1,1,5
1449,2,5,4,1,1,2,3,4,2,2,1,2,1,4,5
145,3,4,1,2,4,2,5,1,2,2,2,4,1,3,5
1450,5,3,3,1,4,5,2,4,2,5,5,1,3,4,5
1451,2,1,1,1,4,2,1,1,1,1,1,1,1,1,3
1452,2,2,1,2,2,2,1,1,1,2,2,1,1,2,4
1453,5,5,1,3,5,4,5,1,5,5,5,5,1,2,5
1454,5,5,1,3,5,5,1,3,3,5,5,1,3,3,5
1455,5,5,5,5,5,5,5,5,5,5,5,5,5,5,5
1456,1,1,1,1,1,1,1,1,1,1,1,1,1,1,2
1457,5,3,1,2,4,5,2,1,3,4,4,4,1,1,5
1458,5,4,2,3,2,5,4,1,4,4,5,4,1,4,5
1459,5,2,2,4,4,4,2,2,4,4,4,3,2,4,4
146,3,3,2,3,3,3,3,2,3,3,3,2,1,1,4
1460,5,2,2,4,2,4,2,1,1,3,3,2,2,4,5
1461,5,5,3,4,5,5,3,3,3,4,5,3,2,3,5
1462,5,5,1,4,4,2,5,4,5,5,5,4,2,4,5
1463,2,2,1,2,5,3,2,2,3,5,3,2,1,2,5
1464,1,1,1,1,1,1,1,1,1,1,1,1,1,1,1
1466,1,1,1,1,3,1,1,1,1,1,1,1,1,2,3
1467,5,4,3,4,2,3,2,3,4,4,4,4,3,4,4
1468,4,3,1,3,2,3,3,2,3,3,3,3,3,3,4
1469,1,2,1,1,2,1,1,1,1,2,1,1,1,1,3
147,2,2,2,3,1,4,2,2,1,4,2,2,3,2,2
1470,2,4,4,5,5,5,5,5,5,3,2,4,2,5,5
1471,5,1,1,1,4,1,1,1,1,1,3,1,1,5,4
1472,2,3,2,2,4,2,5,3,4,2,2,4,1,1,3
1473,3,2,1,2,1,2,2,1,1,4,3,3,1,2,3
1474,5,5,3,3,5,5,5,3,3,5,5,5,3,5,5
1475,2,2,1,1,1,2,1,1,1,4,3,4,1,1,2
1476,5,5,3,4,5,4,5,4,3,4,3,4,4,4,5
1477,5,4,2,3,5,3,4,5,3,4,3,4,4,5,5
1478,2,4,1,4,3,4,1,1,1,3,4,2,1,4,5
1479,5,5,3,3,2,3,2,4,1,1,4,3,1,2,4
148,3,2,1,4,2,5,2,1,2,5,4,2,3,3,5
1480,3,1,1,1,2,3,1,1,2,2,3,1,1,3,4
1481,5,5,3,2,4,5,4,5,3,5,5,4,3,2,5
1482,2,2,1,1,2,1,1,1,1,4,3,1,1,1,5
1483,3,4,1,4,3,3,2,2,1,5,2,3,1,2,4
1484,1,2,1,1,3,1,2,1,1,4,3,1,1,1,3
1485,3,3,1,1,2,2,2,1,1,2,4,3,1,2,3
1486,4,1,2,4,3,3,1,3,2,2,1,1,1,2,5
1487,2,4,4,4,4,2,4,4,4,4,2,2,4,4,4
1488,2,2,1,1,2,2,2,1,1,2,3,2,1,3,5
1489,4,2,1,2,1,2,1,1,1,5,1,1,1,1,2
149,5,4,5,5,5,5,4,5,5,5,5,5,5,5,5
1490,1,2,1,1,4,1,4,1,1,5,3,4,1,3,5
1491,4,3,1,1,4,5,4,1,1,4,4,3,3,5,4
1492,5,5,1,1,5,5,1,1,3,3,5,3,1,3,5
1493,5,1,1,1,5,1,1,1,1,5,5,2,1,2,5
1494,3,4,1,1,5,1,3,1,1,4,1,1,1,4,5
1495,3,3,1,2,2,2,1,1,1,2,4,1,1,2,5
1496,1,1,1,2,3,2,1,2,4,4,4,1,1,2,5
1497,5,5,4,5,3,5,4,5,3,3,4,5,3,3,5
1498,5,2,1,1,4,5,1,1,1,4,2,1,1,3,5
1499,1,1,1,1,1,1,1,1,1,4,2,1,1,1,3
15,5,2,1,3,4,3,2,3,4,4,4,2,4,4,4
150,4,1,1,2,2,1,1,1,1,5,5,1,1,5,5
1500,5,5,5,5,5,5,5,5,5,5,5,5,5,1,5
1501,4,5,1,4,4,3,5,3,2,5,3,4,3,3,4
1502,4,2,2,4,4,3,2,3,4,4,4,2,2,4,5
1503,5,5,5,5,5,5,5,5,5,5,5,5,5,5,5
1504,4,4,3,5,5,3,4,5,2,5,4,2,5,4,5
1505,2,2,1,2,2,2,1,1,2,3,4,2,1,2,4
1506,4,1,1,4,4,4,1,1,1,1,4,1,1,4,5
1507,3,4,2,2,2,4,2,3,1,4,4,2,1,3,4
1508,4,5,2,3,4,5,4,4,4,5,5,4,5,3,5
1509,4,4,3,4,3,4,3,3,4,4,4,3,3,4,5
151,2,1,1,3,2,3,2,1,1,2,1,1,1,2,4
1510,1,1,1,1,1,1,1,1,1,1,1,1,1,3,4
1511,5,5,5,5,5,5,5,5,5,5,5,5,5,5,5
1512,2,2,1,2,2,2,2,1,1,3,2,2,3,3,2
1513,4,2,1,4,4,4,1,1,4,2,4,1,1,1,4
1514,4,5,2,1,5,3,3,4,1,4,5,4,4,4,4
1515,4,5,1,1,1,1,1,4,1,4,1,1,1,1,1
1516,4,4,2,4,4,2,3,2,3,2,2,2,2,4,5
1517,1,1,1,3,3,1,1,1,1,3,1,1,1,4,4
1518,5,5,5,5,5,5,5,5,5,5,5,5,5,5,5
1519,2,1,1,1,1,1,1,1,1,2,2,1,1,1,2
152,5,2,5,5,5,5,5,5,5,5,5,5,3,5,5
1520,3,4,5,2,4,3,5,5,1,5,1,4,5,3,5
1521,1,2,1,1,2,1,2,1,2,4,3,3,1,2,5
1522,1,1,1,1,3,3,1,1,1,1,1,1,1,1,1
1523,4,5,1,2,4,3,4,1,4,5,3,3,1,4,4
1524,3,1,1,1,4,1,1,1,4,4,4,1,1,4,5
1525,5,3,2,2,4,5,3,4,2,3,5,4,4,4,4
1526,4,4,1,4,5,5,5,1,3,3,5,5,1,3,4
1527,4,5,4,4,5,4,5,5,3,4,3,4,5,4,5
1528,2,3,1,1,4,2,1,1,2,2,2,1,1,1,4
1529,4,1,1,2,1,2,1,1,1,1,1,1,1,1,1
153,2,1,1,1,4,1,1,1,1,4,1,1,1,1,4
1530,5,5,3,4,4,4,3,5,4,3,4,3,3,2,5
1531,2,2,1,2,5,3,2,1,1,5,5,1,1,1,5
1532,5,3,2,2,5,3,3,4,1,4,4,2,1,2,4
1533,5,5,1,3,4,3,3,2,1,5,5,4,2,4,5
1534,4,2,3,4,3,5,2,4,4,1,3,1,3,3,4
1535,5,1,1,1,5,5,1,5,1,5,5,1,5,5,5
1536,4,3,3,4,5,5,4,4,2,5,4,4,4,4,5
1537,5,1,1,4,4,3,2,4,4,4,4,2,4,5,5
1538,5,3,2,4,4,5,2,3,3,5,5,3,2,5,5
1539,1,1,1,1,1,1,1,1,1,1,1,1,1,1,1
154,3,3,1,1,4,2,4,4,2,4,3,1,4,3,5
1540,4,4,2,2,4,4,4,3,3,3,4,4,4,4,4
1541,4,2,1,2,1,1,1,1,1,4,4,1,1,3,4
1542,5,3,1,3,4,5,3,2,4,5,5,3,3,5,5
1543,4,2,1,1,1,4,3,1,3,2,3,2,1,3,3
1544,3,3,3,3,3,3,3,3,3,4,3,3,3,3,4
1545,5,2,1,4,5,5,1,4,2,3,4,1,3,5,5
1546,1,1,1,1,1,1,1,1,1,1,1,1,1,1,1
1547,4,2,1,1,4,5,2,1,1,3,4,2,1,1,5
1548,5,4,3,3,3,4,3,5,2,3,3,3,3,5,5
1549,5,5,5,5,5,5,5,5,5,5,5,5,3,5,5
155,2,1,1,1,1,1,2,1,1,4,2,2,1,1,4
1550,3,2,1,1,2,1,1,1,1,4,1,1,1,2,5
1551,4,1,1,1,1,1,1,1,1,5,4,1,1,2,4
1552,5,5,5,3,5,3,4,5,2,4,5,3,4,3,5
1553,5,3,2,2,2,5,3,3,4,5,4,3,2,4,5
1554,4,3,1,2,2,4,1,1,1,4,3,1,1,4,4
1555,4,4,1,2,4,4,5,1,2,4,4,4,1,4,5
1556,2,3,1,1,1,2,4,1,1,1,2,4,1,2,3
1557,5,5,4,5,4,5,5,5,5,4,4,5,5,5,5
1558,4,3,1,1,2,2,2,1,1,3,2,1,1,1,4
1559,3,2,1,1,4,1,2,1,1,4,3,2,1,4,2
156,4,5,1,4,5,3,4,2,1,5,3,4,1,3,5
1560,2,3,1,1,1,2,2,1,1,1,2,1,1,1,4
1561,4,4,4,4,4,4,5,4,4,5,4,4,4,5,5
1562,1,1,1,1,2,1,1,1,1,2,2,1,1,1,2
1563,5,5,5,3,5,3,3,5,3,2,3,5,5,4,3
1564,2,4,2,4,4,4,2,3,4,2,4,2,2,4,4
1565,4,3,2,3,4,3,3,4,3,4,4,3,3,3,5
1567,4,3,2,3,4,4,4,4,3,4,3,4,2,3,4
1568,4,3,1,4,4,5,3,3,4,5,5,2,2,5,5
1569,4,1,1,1,2,3,1,1,1,1,4,2,1,1,2
157,5,3,1,1,1,4,3,1,1,5,4,2,1,4,5
1570,5,5,5,5,4,5,5,5,4,5,5,5,4,4,5
1571,4,2,1,1,1,1,1,1,1,1,1,1,1,1,5
1572,1,1,1,1,1,1,1,1,1,1,1,1,1,1,1
1573,1,2,1,3,4,3,2,1,3,4,2,2,1,2,4
1574,1,1,1,1,1,2,1,1,1,2,3,1,1,1,2
1575,2,1,1,1,1,2,1,1,1,4,3,1,1,1,4
1576,4,1,1,1,4,4,1,3,2,5,5,1,2,2,5
1577,2,1,1,1,1,2,1,1,1,2,2,1,1,1,3
1578,2,2,1,1,4,3,2,1,1,5,4,2,1,1,5
1579,1,1,2,1,1,2,1,2,1,2,2,1,2,1,1
1580,5,5,1,5,5,4,5,1,1,1,5,5,1,1,5
1581,3,2,1,2,1,3,1,1,1,3,5,1,1,2,5
1582,2,1,1,1,4,1,1,1,3,4,3,1,1,2,3
1583,5,4,1,1,1,1,1,1,1,4,4,4,1,1,4
1584,4,3,1,2,2,3,2,1,1,2,4,2,1,2,5
1585,5,3,1,2,4,4,1,1,1,5,5,1,1,1,5
1586,1,1,1,1,1,1,1,1,1,5,1,1,1,1,5
1587,2,1,1,1,2,1,1,1,1,3,2,2,1,1,4
1588,5,4,2,2,1,1,4,3,1,5,5,2,3,2,5
1589,5,2,1,1,5,3,2,1,1,4,4,1,1,5,5
159,2,1,1,1,2,1,1,1,1,2,2,1,1,2,1
1590,4,4,1,3,4,4,2,1,1,4,4,4,1,4,5
1591,4,2,1,1,2,4,4,1,1,1,2,1,1,1,4
1592,3,4,1,2,3,4,4,2,2,4,3,2,2,3,2
1594,2,1,1,1,3,1,1,1,1,1,1,1,1,2,3
1595,4,1,4,1,4,1,2,5,1,4,3,2,4,1,5
1596,2,3,4,2,2,3,4,4,2,2,3,4,3,2,4
1597,2,1,1,1,2,1,1,1,1,1,2,1,1,1,3
1598,1,1,1,1,2,1,1,1,1,1,2,1,1,1,4
1599,4,1,1,1,4,2,1,1,1,5,3,1,1,4,4
16,3,2,4,3,4,3,3,4,2,3,3,2,4,2,3
160,5,5,2,3,1,5,4,3,1,5,5,5,2,4,5
1600,4,5,2,4,4,4,5,4,1,4,3,4,4,5,5
1601,1,1,1,1,1,1,1,1,1,1,1,1,1,1,2
1602,1,2,1,3,3,1,1,2,3,2,2,2,1,3,2
1603,2,2,1,2,2,3,3,2,4,2,1,2,2,4,3
1604,1,4,1,1,1,1,1,1,1,1,1,1,1,1,4
1605,5,5,1,4,4,5,4,1,5,5,4,5,3,4,5
1606,4,2,3,4,1,3,2,3,3,3,4,1,2,2,4
1607,1,1,1,1,3,1,2,1,1,3,2,1,1,1,5
1608,1,4,1,1,2,2,3,1,1,2,1,2,1,1,4
1609,2,4,3,1,4,2,4,2,1,5,4,2,2,2,4
161,5,2,4,1,2,1,2,4,1,4,2,2,2,3,5
1610,4,4,1,4,3,4,4,1,4,3,4,4,1,3,4
1611,1,2,1,1,2,1,1,1,1,5,1,1,1,2,1
1612,4,4,1,3,4,4,4,1,1,4,3,3,1,2,4
1613,5,5,5,5,5,5,5,5,5,5,5,5,5,5,5
1614,3,2,3,1,5,5,2,3,1,5,5,2,3,1,5
1615,4,1,2,4,4,1,1,2,1,5,2,1,4,1,4
1616,5,5,4,5,5,5,4,5,3,5,5,5,5,5,5
1617,5,5,1,1,2,3,4,1,1,5,4,3,1,4,5
1618,4,2,1,3,4,4,2,1,2,4,3,2,1,3,4
1619,5,4,3,4,4,5,4,3,3,4,5,5,3,4,5
162,2,2,1,1,2,3,1,1,1,4,2,2,2,3,2
1620,1,1,1,1,1,1,1,1,1,1,1,1,1,1,1
1621,5,5,2,3,3,5,2,2,2,1,1,1,1,5,5
1622,4,4,2,4,3,4,3,5,2,1,4,4,3,4,5
1623,5,4,1,2,4,4,5,1,4,4,5,2,1,2,5
1624,5,5,1,3,3,5,5,3,1,4,3,5,3,5,5
1625,1,3,1,2,3,1,1,1,1,1,1,1,1,1,2
1626,3,2,2,2,3,4,2,2,2,2,2,3,2,2,4
1627,5,4,5,4,5,5,2,5,4,4,4,4,5,3,5
1628,5,5,5,3,5,5,5,4,3,1,5,5,5,1,5
1629,4,4,3,3,5,5,5,4,1,5,5,4,2,4,5
163,4,2,1,2,2,2,2,1,2,2,2,2,1,2,4
1630,4,2,1,4,3,2,3,1,1,1,3,2,1,1,2
1631,5,3,1,3,5,5,3,1,4,4,5,4,1,3,5
1632,5,5,5,5,5,5,5,5,5,5,5,5,5,5,5
1633,3,3,1,1,4,4,2,2,2,3,2,1,2,2,4
1634,4,4,4,4,4,4,4,4,4,4,5,4,5,5,5
1635,3,4,1,2,4,3,4,1,1,5,3,3,1,3,5
1636,2,4,1,2,1,3,2,1,1,4,3,1,1,3,5
1637,3,1,1,3,3,4,1,1,1,3,4,1,1,4,5
1638,5,2,1,4,5,3,2,3,2,5,5,3,1,5,5
1639,3,3,1,3,4,3,3,2,4,4,3,3,3,4,5
164,4,1,1,1,3,4,1,1,1,5,3,1,1,2,3
1641,2,1,1,1,2,1,1,1,2,1,1,1,1,2,3
1642,5,1,3,4,4,4,1,3,1,5,5,2,3,3,4
1643,5,5,1,4,5,5,5,2,2,5,5,5,1,4,5
1645,5,4,1,3,2,4,4,1,2,3,5,3,1,4,3
1646,5,4,3,4,4,5,4,4,4,4,4,4,4,5,4
1647,4,4,1,3,3,3,4,1,2,2,3,4,1,4,4
1648,3,1,1,1,1,1,1,1,1,1,3,1,1,1,4
1649,5,4,2,3,2,4,4,1,2,5,3,3,1,3,5
165,4,3,1,4,4,4,3,1,1,2,4,4,2,4,5
1650,5,4,2,1,4,3,4,4,2,2,4,4,3,3,5
1651,1,1,1,1,3,1,1,1,1,4,4,1,1,1,4
1652,1,1,1,1,1,1,1,1,1,2,1,1,1,1,1
1653,2,2,1,1,1,2,3,2,1,5,2,2,1,1,4
1654,5,5,3,5,5,5,5,3,5,5,5,5,3,5,5
1655,1,1,1,2,3,1,1,1,1,2,2,1,1,1,4
1656,1,4,1,1,2,3,3,1,1,4,4,3,1,4,5
1657,2,1,2,1,3,1,1,3,1,1,2,1,3,1,3
1658,5,5,5,5,5,5,5,5,5,5,5,5,3,5,5
1659,1,1,1,1,3,1,1,1,1,2,2,1,1,1,2
166,1,3,1,3,4,4,2,1,1,5,4,2,1,4,5
1660,1,1,1,1,1,1,1,3,2,1,3,3,1,1,4
1661,5,5,2,3,5,5,5,2,4,4,5,5,2,4,5
1662,5,4,1,2,3,4,5,1,1,5,2,4,1,1,5
1663,2,1,1,1,2,1,1,4,3,1,4,1,2,2,5
1664,4,4,1,3,2,5,3,1,3,4,4,2,1,5,5
1665,2,1,1,1,1,1,1,1,1,1,1,1,1,1,2
1666,5,5,4,4,5,5,4,4,4,4,5,5,4,5,5
1667,4,1,1,3,1,4,3,2,1,2,4,2,1,1,4
1668,4,5,2,4,4,5,5,2,2,4,5,5,2,3,4
1669,1,1,1,1,2,1,1,1,1,3,1,1,1,1,4
167,4,4,3,3,4,4,4,4,3,4,3,5,2,4,5
1670,5,5,2,4,5,5,4,2,5,5,5,5,4,5,5
1671,4,3,1,1,2,4,2,1,1,2,3,2,1,1,5
1672,5,5,3,4,4,5,5,5,3,5,4,5,4,3,5
1673,3,3,1,3,3,1,4,1,1,3,4,1,1,1,4
1674,4,1,1,1,1,2,2,1,2,4,3,2,1,2,5
1675,5,5,1,5,5,5,4,1,5,5,5,5,1,5,5
1676,5,4,4,4,4,5,1,5,1,5,5,1,1,1,4
1677,1,1,1,1,3,1,3,1,1,3,1,1,1,2,4
1678,1,1,1,1,1,1,1,1,1,1,1,1,1,1,3
1679,5,5,1,5,5,5,5,1,3,5,5,5,1,5,5
168,1,1,1,1,3,4,1,1,1,5,4,1,1,1,5
1680,4,4,2,4,4,4,4,4,1,2,2,4,2,3,4
1681,4,5,4,4,4,5,4,5,5,3,3,4,4,4,4
1682,5,2,2,1,5,2,1,3,1,2,5,1,3,2,5
1683,5,2,1,5,4,1,1,1,4,2,4,1,1,5,5
1684,2,2,1,4,4,3,2,2,2,5,3,2,1,4,4
1685,2,2,5,1,1,1,3,3,1,5,1,2,2,2,5
1686,3,2,2,2,2,2,2,2,2,4,2,2,2,2,2
1687,4,2,1,2,4,3,2,1,1,2,4,2,1,2,4
1688,5,3,1,2,5,5,1,1,4,2,5,3,1,5,5
1689,5,1,1,4,4,5,2,1,1,5,4,1,1,2,5
169,2,3,1,2,4,2,1,1,1,4,4,1,1,2,5
1690,2,3,2,2,2,3,2,3,2,5,4,2,2,2,5
1691,4,2,3,4,4,2,2,3,2,5,4,3,3,2,4
1692,5,1,1,3,4,3,1,3,2,5,4,1,1,3,5
1693,4,4,1,1,1,4,4,2,2,4,4,4,2,4,4
1694,5,5,1,5,5,5,5,1,5,5,5,5,1,5,5
1695,3,1,1,2,1,3,1,2,1,4,3,1,1,1,5
1696,2,1,1,1,1,3,1,1,1,1,3,1,1,3,5
1697,4,4,1,4,4,4,1,1,2,4,4,3,1,3,4
1698,1,1,1,2,1,1,2,2,1,2,2,1,1,1,5
1699,4,1,3,4,2,3,5,4,4,1,2,3,2,4,5
17,4,5,1,3,4,4,4,1,1,4,3,4,1,3,5
170,1,1,5,2,5,1,2,5,2,2,1,1,5,3,4
1700,1,1,1,3,1,1,3,1,1,1,1,1,1,1,3
1701,5,1,1,2,1,5,1,1,1,5,4,1,1,4,5
1702,5,2,1,4,3,5,2,1,4,3,2,2,1,1,5
1703,5,3,1,3,5,3,3,1,5,5,5,3,1,1,5
1704,5,5,1,4,4,4,4,3,3,4,5,4,2,4,5
1705,4,3,1,2,3,3,4,2,2,2,4,4,3,3,4
1706,3,3,4,4,4,4,3,4,4,4,3,4,4,4,4
1707,5,3,1,2,5,2,3,1,1,5,4,1,1,1,5
1708,5,5,5,5,5,5,5,5,5,5,5,5,5,5,5
1709,1,1,1,1,4,1,5,1,4,1,3,3,1,4,4
171,3,4,3,3,3,4,4,2,4,4,4,3,2,4,4
1710,1,1,1,2,1,2,1,1,1,1,2,1,1,1,3
1711,4,2,1,1,1,4,1,3,1,4,5,1,1,1,5
1712,4,3,4,3,4,4,5,5,3,5,3,5,3,4,3
1713,1,2,1,3,1,2,2,1,1,2,2,1,1,2,2
1714,3,2,2,1,3,3,3,3,2,3,3,3,2,3,3
1715,4,4,1,1,2,4,3,1,1,5,2,1,1,1,4
1716,5,2,1,2,4,3,4,1,1,5,5,5,1,4,5
1717,2,1,1,1,1,1,1,1,1,1,2,1,1,1,2
1718,4,3,2,4,3,3,2,2,4,4,4,3,2,4,5
1719,3,2,1,1,3,1,4,4,1,3,2,2,3,3,4
172,3,1,1,1,1,1,1,1,1,1,1,1,1,1,5
1720,5,4,3,4,5,4,4,3,3,4,5,4,3,2,4
1721,4,4,2,5,4,4,5,2,4,3,4,4,1,2,4
1723,4,5,3,4,5,4,5,3,4,4,3,4,4,4,4
1724,3,1,1,1,1,1,1,1,1,1,1,1,1,1,2
1725,2,2,1,1,3,1,2,1,1,3,3,2,1,1,3
1726,5,1,4,1,5,5,1,5,1,5,5,1,5,5,4
1727,2,4,1,1,3,1,1,3,1,5,1,1,1,2,5
1728,2,1,1,1,4,1,4,5,3,3,4,2,3,2,5
1729,4,4,1,4,4,4,3,2,4,4,4,4,4,3,5
173,5,5,1,5,5,3,1,1,1,5,5,1,1,2,5
1730,3,2,4,1,3,4,1,5,2,3,3,1,3,3,5
1731,1,1,1,1,1,1,1,1,1,1,1,1,1,1,1
1732,5,4,2,2,5,5,2,4,1,4,5,4,3,4,5
1733,4,3,2,2,5,4,2,3,4,5,5,3,2,5,5
1734,1,1,1,1,3,2,1,1,1,2,1,1,1,2,4
1735,5,5,3,5,5,3,2,3,4,3,5,4,2,4,5
1736,5,1,1,1,4,2,1,1,1,4,1,4,1,4,5
1737,4,5,3,4,2,5,5,2,2,5,4,5,2,4,4
1738,4,2,3,4,3,4,2,4,4,4,4,2,1,4,5
1739,5,5,3,5,5,5,5,5,5,5,5,5,3,4,5
174,5,4,1,1,2,3,4,2,1,4,4,5,1,1,5
1740,5,4,1,1,1,3,2,1,1,4,3,1,1,4,2
1741,1,1,1,1,3,3,1,1,1,1,1,1,1,1,5
1742,5,2,1,2,4,1,2,1,1,5,5,2,1,1,5
1743,5,4,5,3,3,4,5,1,1,1,4,4,1,4,4
1744,3,3,2,1,2,4,3,1,1,2,3,2,1,1,4
1745,4,4,1,3,1,3,3,1,1,5,2,4,1,4,5
1746,2,4,2,2,2,2,2,2,2,4,2,2,2,2,4
1747,2,3,2,4,4,2,2,4,4,4,2,2,2,5,2
1748,4,3,1,2,1,3,1,1,4,3,3,3,1,2,4
1749,3,1,1,1,4,1,1,1,1,4,3,1,1,3,5
175,1,2,1,2,1,1,1,1,1,4,2,2,1,1,4
1750,3,2,1,2,3,4,2,1,2,4,3,2,1,2,5
1751,4,4,1,2,1,1,1,1,3,3,2,3,1,2,4
1752,3,4,1,4,3,3,1,1,1,1,2,4,1,2,4
1753,4,4,1,3,3,4,4,1,3,3,3,4,1,2,5
1754,2,2,1,1,2,3,2,1,1,1,2,2,1,1,1
1755,1,2,1,1,1,1,1,1,1,2,1,2,1,2,2
1756,4,5,1,2,1,2,4,1,5,2,3,2,1,4,4
1758,2,3,1,1,1,1,1,1,1,2,1,1,1,1,5
1759,4,1,1,1,5,2,1,1,1,2,1,1,1,1,3
176,3,2,2,2,1,4,1,4,2,4,4,1,1,1,3
1760,2,1,1,2,1,3,1,1,1,1,2,1,1,2,4
1761,3,4,1,1,2,2,4,1,1,5,3,4,1,4,5
1762,4,2,2,2,2,3,2,1,3,3,3,3,2,3,5
1763,5,1,5,4,5,5,3,2,5,1,5,5,5,5,5
1764,4,2,1,1,2,1,2,2,3,4,4,3,3,4,4
1765,5,5,1,4,4,5,5,1,4,3,5,5,1,3,5
1766,1,1,1,1,2,1,1,1,1,2,1,2,1,1,3
1767,1,2,3,3,2,3,4,4,3,3,1,3,3,1,3
1768,5,5,5,5,5,5,4,5,5,4,4,4,5,5,5
1769,5,4,1,2,5,4,4,2,4,5,4,3,2,3,5
177,5,3,1,4,4,4,3,2,1,4,5,2,1,4,5
1770,1,1,1,1,1,1,1,1,1,1,1,1,1,1,4
1771,4,4,3,4,5,5,5,3,4,5,5,3,3,5,5
1772,4,2,1,1,2,1,2,1,1,2,1,1,1,3,2
1773,4,3,4,4,5,4,4,5,4,4,3,3,5,5,5
1774,5,5,3,4,3,4,5,5,3,5,4,5,3,5,5
1775,2,1,1,4,3,4,1,1,1,1,1,1,1,1,4
1776,4,2,1,4,1,4,2,1,2,4,3,3,1,3,5
1777,4,1,1,2,3,2,1,1,1,1,2,1,1,1,2
1778,5,5,1,3,3,5,5,2,1,4,4,5,2,4,4
1779,1,4,1,1,5,3,4,1,1,1,4,1,1,4,4
178,1,2,1,1,1,1,1,1,1,3,1,1,1,1,3
1780,1,3,1,2,3,1,1,1,2,1,1,3,1,1,4
1781,4,1,1,4,4,1,2,3,1,4,4,1,3,4,5
1782,1,1,1,1,1,1,1,1,1,1,1,1,1,1,1
1783,2,3,1,1,3,1,2,1,1,2,2,3,1,3,4
1784,4,3,2,4,2,5,1,2,2,3,3,2,1,4,5
1785,5,4,1,4,5,3,2,4,1,5,5,5,2,3,5
1786,5,3,1,4,5,5,5,1,2,5,5,5,1,4,5
1787,2,4,1,2,2,2,3,1,2,2,4,4,1,2,5
1788,5,5,2,5,5,5,5,3,5,2,5,5,3,5,5
1789,1,1,1,1,4,1,1,1,1,1,1,1,1,1,5
179,3,4,1,1,1,4,2,1,1,3,3,3,1,4,5
1790,3,4,1,2,3,2,2,1,1,2,3,2,1,3,4
1791,1,4,1,4,5,5,1,1,2,5,1,2,2,1,5
1792,5,4,1,1,1,5,1,1,1,2,4,2,1,1,4
1793,4,2,1,2,5,4,3,1,1,4,5,2,1,4,5
1794,5,3,2,1,4,3,1,3,3,5,4,2,3,3,5
1795,1,1,1,1,4,1,1,1,1,4,1,1,1,1,5
1796,4,5,1,2,4,4,5,1,1,5,5,2,1,4,5
1797,4,1,1,2,5,3,2,4,1,5,2,1,4,1,5
1798,3,1,1,1,1,1,1,1,1,1,4,1,1,1,5
1799,5,5,5,5,5,5,5,5,5,5,5,5,5,5,5
18,5,5,5,5,5,5,5,5,5,5,5,5,2,5,5
180,5,5,2,5,5,5,5,4,5,5,5,5,4,5,5
1800,4,3,1,4,4,3,4,1,1,4,4,3,2,4,5
1801,5,5,3,5,5,5,5,2,2,5,5,5,2,5,5
1802,1,2,1,1,2,1,1,1,1,1,2,1,1,4,4
1803,4,4,5,2,4,1,4,5,1,3,3,1,2,1,5
1804,5,3,4,1,5,5,3,4,1,5,5,3,5,5,5
1805,4,4,1,3,4,3,4,1,1,4,5,3,1,4,5
1806,2,2,1,2,4,2,5,1,1,5,2,5,1,3,5
1807,2,3,3,4,4,4,4,3,3,5,5,4,3,4,5
1808,4,4,1,5,5,5,5,1,5,1,5,4,1,5,5
1809,2,5,1,2,5,2,4,1,1,4,4,3,1,3,5
181,5,5,5,5,5,5,5,5,5,5,5,5,5,5,5
1810,3,4,1,2,2,1,1,1,2,3,3,3,1,2,3
1811,1,2,1,1,2,1,1,1,2,3,1,1,1,2,4
1812,5,4,1,3,3,4,5,1,3,3,4,5,1,2,5
1813,4,3,2,2,4,2,2,3,2,4,4,3,2,2,5
1814,5,5,1,2,5,5,2,1,1,1,5,4,1,3,5
1815,1,1,2,5,4,4,1,2,2,4,2,2,1,4,5
1816,4,5,3,2,4,1,5,4,2,5,4,4,4,2,5
1817,5,5,3,5,5,5,5,3,5,5,5,4,5,5,5
1819,2,1,3,1,1,2,1,4,1,1,1,1,1,1,3
182,2,2,1,2,4,2,1,1,1,4,3,2,1,1,4
1820,1,3,1,1,1,1,3,1,5,5,3,1,1,1,5
1821,5,5,2,4,3,3,5,3,2,4,4,2,3,2,4
1822,2,2,1,1,1,1,2,2,1,3,3,3,1,2,3
1824,5,5,1,5,3,4,4,1,1,4,4,3,1,5,3
1825,4,4,1,2,1,3,1,1,1,3,4,3,1,3,4
1826,1,4,2,2,1,1,4,2,1,5,1,3,1,1,4
1827,5,1,5,5,5,5,2,5,5,5,5,2,5,5,5
1828,1,1,1,1,4,1,1,1,1,1,1,1,1,1,4
183,5,5,3,4,5,5,5,3,2,4,5,5,2,5,5
1830,5,5,2,3,4,5,5,2,3,2,5,5,3,4,5
1831,4,2,2,2,4,2,2,2,2,4,3,2,1,4,5
1832,5,5,5,5,5,5,5,5,5,5,5,5,5,5,5
1833,3,3,1,2,3,1,3,1,1,3,3,3,1,2,3
1834,5,5,5,5,5,5,5,1,1,1,5,5,1,5,5
1835,2,4,2,3,4,2,4,2,2,2,2,3,2,2,4
1836,4,2,3,4,4,4,4,3,3,4,5,3,2,4,5
1837,5,4,1,3,4,4,2,1,4,5,4,2,1,4,4
1838,4,5,1,5,5,4,5,5,4,5,5,5,1,2,5
1839,5,4,2,4,4,5,3,5,3,5,4,3,5,4,4
184,4,5,1,5,5,4,5,1,5,5,5,5,1,3,5
1840,4,2,1,1,2,1,1,1,2,4,4,1,1,3,5
1841,3,3,1,1,4,1,2,1,1,4,1,1,1,1,4
1842,3,2,1,2,3,3,2,3,3,4,3,4,3,2,4
1843,4,4,1,3,4,3,3,1,1,4,3,4,1,3,5
1844,5,5,1,1,3,2,4,3,1,1,5,5,1,3,5
1845,5,5,3,5,5,5,5,5,5,2,5,5,3,5,5
1846,3,5,3,5,5,4,5,3,5,3,3,5,3,5,4
1847,2,1,1,1,1,2,1,1,1,1,2,1,1,2,2
1848,2,2,1,1,1,2,2,1,1,1,2,2,1,2,4
1849,2,2,1,1,2,2,1,1,1,2,2,2,1,1,4
185,5,5,3,5,4,5,5,3,5,4,5,5,3,4,5
1850,5,3,1,2,1,2,1,1,1,2,2,1,1,4,3
1851,2,2,1,1,1,2,2,2,3,5,3,2,1,1,4
1852,4,3,1,2,2,4,2,2,2,5,2,3,2,2,4
1853,4,2,1,2,2,4,2,1,1,4,3,2,1,5,3
1854,3,1,1,1,2,1,1,1,1,4,4,1,1,1,4
1855,5,5,1,4,5,5,1,5,4,5,5,3,5,5,5
1856,1,2,1,2,2,1,1,2,1,2,2,2,1,1,2
1857,1,1,1,1,2,1,1,1,1,2,1,1,1,1,3
1858,4,4,1,2,4,3,2,1,1,4,2,3,2,1,4
1859,2,2,1,1,2,1,1,1,1,2,1,1,1,1,3
186,5,5,1,3,2,5,5,1,5,1,4,5,1,5,5
1860,5,4,3,3,3,4,4,2,3,4,3,5,4,3,5
1861,2,2,1,1,2,1,1,1,1,5,4,1,1,4,5
1862,1,1,1,1,1,1,1,1,1,1,1,1,1,1,2
1863,1,1,1,2,2,1,1,2,1,1,1,1,1,1,4
1864,1,3,1,1,3,1,1,1,1,4,2,2,1,4,4
1865,2,1,1,1,2,3,1,1,1,4,3,1,1,1,3
1866,5,1,4,2,2,2,2,5,1,5,1,1,1,5,4
1867,1,5,1,1,1,3,1,1,1,1,5,4,1,4,5
1868,2,2,1,4,2,1,2,1,2,4,3,3,3,4,4
1869,4,4,2,2,4,2,3,2,2,4,4,3,2,3,4
187,1,1,1,1,1,1,1,1,1,4,1,1,1,1,4
1870,4,1,1,1,1,4,1,1,3,1,4,1,1,1,5
1871,3,1,1,1,1,1,1,1,1,1,2,1,1,1,4
1872,3,1,1,3,2,1,1,2,1,3,3,1,1,3,5
1873,1,1,1,1,1,1,1,1,1,1,1,1,1,1,3
1874,1,1,1,1,3,1,1,1,1,1,1,1,1,1,1
1875,1,4,1,1,1,1,1,1,1,3,2,1,1,1,2
1876,5,5,1,5,5,5,5,1,5,5,5,5,1,4,5
1877,4,2,2,3,4,2,2,5,2,4,3,2,3,3,3
1878,4,2,1,3,4,5,1,1,4,5,1,1,1,2,3
188,2,5,5,5,4,4,5,5,1,4,3,3,5,2,4
1881,4,4,2,3,4,4,4,2,4,4,5,4,2,3,4
1882,3,3,3,3,2,3,3,3,2,4,3,3,3,3,4
1883,1,1,1,1,1,1,1,1,1,2,1,1,1,1,2
1884,5,5,1,4,5,5,5,3,3,4,4,5,2,5,5
1885,1,2,5,1,3,1,1,5,1,1,1,1,1,1,1
1886,5,4,1,5,1,5,3,4,5,3,5,3,2,5,5
1887,2,1,1,3,2,2,1,1,1,3,4,1,1,2,5
1888,5,3,1,4,3,5,4,2,1,2,3,3,3,1,5
1889,5,2,1,1,5,5,4,2,3,5,5,1,1,4,5
189,4,4,1,1,1,4,2,3,1,1,3,2,1,3,4
1890,2,1,3,1,2,3,1,3,1,2,4,1,3,1,5
1891,3,4,2,3,4,4,2,5,2,5,3,2,4,4,5
1892,1,1,1,1,1,1,1,1,1,1,1,1,1,1,1
1893,4,3,2,2,3,2,3,4,2,4,3,2,3,2,4
1894,5,5,4,5,5,5,5,1,5,4,5,4,1,4,5
1895,2,1,1,3,3,2,1,1,1,4,3,1,1,2,4
1896,4,2,1,2,4,2,2,2,2,4,4,4,2,2,4
1897,2,1,1,1,1,1,2,1,1,3,3,1,1,1,4
1898,4,4,4,3,4,5,4,5,2,2,2,4,4,3,4
1899,5,4,1,3,4,3,3,2,3,5,4,4,3,3,5
19,5,5,5,5,5,5,5,5,5,5,5,5,5,5,5
190,5,4,3,4,4,4,5,4,2,4,4,4,4,5,5
1900,1,2,1,2,2,2,2,1,2,2,4,1,1,2,4
1901,5,5,3,4,5,3,4,4,2,5,4,3,1,4,5
1903,5,5,3,5,5,5,5,5,5,5,4,5,5,3,5
1904,2,1,1,2,5,1,1,1,1,4,3,1,1,3,4
1905,1,4,2,2,3,1,1,1,1,4,1,1,1,1,4
1906,2,4,1,4,4,4,5,2,2,2,3,5,1,4,5
1907,5,5,3,4,5,4,5,3,3,5,4,5,4,5,5
1908,4,4,1,1,1,4,3,1,1,4,4,4,1,2,4
1909,5,5,5,5,5,5,5,5,5,5,5,5,5,5,5
191,3,2,1,1,2,4,4,1,1,4,1,2,1,2,4
1910,5,5,1,1,5,5,3,5,1,1,5,3,1,5,5
1912,5,2,2,2,4,4,2,2,1,4,5,4,2,2,5
1913,1,1,1,1,1,3,1,1,1,1,2,1,1,1,3
1914,5,5,1,5,5,5,5,1,3,1,1,5,5,5,5
1915,2,1,4,1,1,1,1,3,1,2,1,1,1,1,4
192,4,3,2,3,2,3,4,2,2,3,4,2,2,4,4
193,3,2,3,3,2,4,2,4,3,4,4,2,4,2,4
194,4,3,5,5,4,4,3,5,5,4,5,3,4,5,5
195,2,2,3,2,4,2,2,3,2,4,3,2,3,4,4
196,5,3,3,3,5,4,3,3,5,5,4,3,4,5,5
197,4,4,2,2,2,4,4,5,1,5,5,4,3,5,5
198,3,2,1,1,3,3,1,1,3,1,4,1,1,3,5
199,5,4,4,4,5,5,3,4,2,5,5,3,4,3,5
20,1,1,1,1,2,2,1,1,1,1,1,1,1,1,3
200,4,2,1,4,5,2,4,5,2,5,5,4,4,3,5
201,1,1,1,1,1,1,1,1,1,1,1,1,1,1,1
202,1,1,1,1,4,1,1,1,1,2,3,1,1,1,3
203,3,2,1,4,2,4,4,1,1,4,3,4,1,2,5
204,1,1,1,1,2,1,1,1,1,2,1,1,1,2,3
205,5,5,5,5,5,5,5,5,5,5,5,5,5,5,5
206,3,5,1,1,2,2,4,3,2,1,4,5,3,2,5
207,4,3,1,1,1,2,2,1,1,4,2,2,1,1,4
209,3,2,1,2,5,3,1,1,2,2,2,2,1,1,5
21,2,1,1,1,3,3,2,4,1,5,1,1,1,1,4
210,5,5,5,4,5,5,4,5,4,4,5,5,4,4,5
211,5,5,5,5,4,2,5,2,5,5,4,3,1,4,5
212,2,4,2,4,4,2,4,2,2,4,2,2,1,4,4
214,5,5,1,5,5,5,5,1,5,5,5,5,1,5,5
215,4,5,2,2,4,5,4,5,2,4,4,5,4,1,4
216,1,3,1,1,3,3,4,1,1,3,4,1,1,1,5
217,1,2,2,1,1,1,3,4,2,4,3,1,1,1,5
218,2,1,1,1,4,3,2,1,2,5,3,1,2,2,4
219,4,5,3,3,4,5,4,5,2,4,4,3,5,3,5
22,4,1,1,2,1,2,1,1,1,2,4,1,1,3,4
220,5,5,1,4,3,3,3,3,5,3,5,4,3,4,5
221,2,1,1,1,1,1,1,1,2,1,4,1,1,4,4
222,4,4,1,1,4,3,4,1,1,4,4,4,1,1,4
223,5,1,1,4,4,5,1,1,1,5,4,1,1,4,4
224,1,1,1,1,1,2,1,1,1,1,1,1,1,1,2
225,4,2,1,4,4,4,1,1,1,4,4,1,1,1,5
226,3,4,1,2,4,2,1,1,1,4,1,1,1,3,5
227,1,1,2,1,1,1,1,3,1,2,4,2,1,1,5
228,5,5,3,3,5,3,4,4,4,4,4,4,4,3,4
229,2,3,1,2,2,2,3,1,1,4,3,2,1,1,4
23,3,1,1,1,1,5,1,1,5,2,4,1,1,4,5
230,4,4,3,4,4,4,4,4,4,4,4,4,3,4,4
231,1,1,1,1,1,1,1,1,1,5,4,2,1,1,4
232,4,5,3,4,5,5,4,3,5,5,4,4,3,4,5
233,4,4,3,4,5,4,3,5,3,5,3,3,4,3,3
234,4,3,4,4,5,5,2,5,4,5,4,2,4,4,5
235,5,5,2,3,2,5,3,2,4,3,5,5,1,3,5
236,5,5,2,4,4,4,5,4,3,5,5,4,3,4,5
237,5,3,1,3,1,5,4,1,1,3,5,2,1,3,5
238,5,5,5,5,5,5,5,1,2,5,5,5,1,5,5
239,2,3,1,1,3,3,3,1,1,5,5,2,1,1,5
24,4,4,2,4,4,4,4,4,4,4,5,4,3,4,5
240,5,4,4,5,5,5,5,4,5,5,4,4,4,5,5
241,4,1,1,1,4,2,1,1,2,3,2,2,1,2,5
242,5,1,1,1,1,1,1,1,1,1,5,1,1,1,4
243,4,1,1,1,3,2,1,1,1,3,1,1,1,1,1
244,3,1,1,1,1,2,1,1,1,1,1,1,1,1,4
245,5,2,1,1,2,3,2,2,4,4,4,2,1,4,2
246,5,4,4,1,5,5,1,1,1,5,5,1,1,5,5
247,5,3,2,3,4,5,3,3,3,4,4,4,2,3,5
248,3,2,1,3,4,4,2,1,2,5,4,2,1,4,4
249,5,4,3,4,4,5,4,4,2,4,3,4,3,3,4
25,5,1,3,5,5,5,2,5,4,4,5,2,3,4,5
250,1,2,1,1,1,1,2,1,1,2,1,2,1,1,4
251,4,2,1,1,4,4,2,1,4,1,4,1,1,3,5
252,5,5,2,4,4,5,5,2,1,5,3,5,1,5,3
253,4,5,1,3,3,3,4,1,1,3,3,3,1,3,5
254,5,3,1,1,2,1,1,1,1,1,4,1,1,1,5
255,3,3,1,1,2,3,3,1,1,2,2,2,1,2,4
256,5,5,3,3,2,4,2,3,2,4,4,4,3,1,5
257,4,5,1,3,5,2,4,1,1,4,4,5,2,5,5
258,5,5,1,4,5,4,5,1,1,4,4,5,2,2,4
259,2,4,1,1,2,1,5,1,2,5,2,3,2,3,5
26,4,5,1,4,4,4,5,1,4,5,4,5,1,4,4
260,2,4,1,1,1,2,1,1,1,1,4,1,1,2,3
261,4,3,2,3,3,5,5,4,1,3,3,4,4,3,3
262,2,2,2,2,4,2,2,4,1,4,4,1,2,4,5
263,4,1,1,1,4,2,1,1,1,4,4,1,1,2,5
264,2,1,1,2,3,1,1,1,1,5,4,1,1,2,5
266,1,1,3,1,1,1,1,4,1,3,4,1,4,1,4
267,5,5,3,5,5,5,5,5,5,5,5,5,5,5,5
268,1,1,1,2,1,1,1,2,1,5,3,1,2,1,5
269,2,1,1,2,5,5,2,2,2,4,4,2,3,2,5
27,4,5,2,2,4,3,4,2,1,4,3,3,1,2,3
270,4,1,1,1,2,1,1,1,1,5,2,1,1,1,5
271,3,2,1,1,1,2,1,2,1,2,3,2,1,2,4
272,3,3,1,1,3,3,1,1,3,3,4,4,1,3,4
274,4,5,2,2,2,4,2,1,1,4,3,2,3,3,4
275,5,3,2,4,5,5,2,3,3,2,5,2,4,5,4
277,4,3,3,3,3,3,3,3,2,3,3,3,3,3,4
278,4,1,1,4,5,4,1,4,5,5,4,1,1,4,5
28,4,5,1,1,1,1,5,1,1,5,3,3,1,2,4
280,5,5,1,2,2,5,5,1,2,5,5,5,1,4,5
281,1,1,1,1,4,1,3,1,3,4,1,1,1,4,4
282,4,4,4,5,5,3,5,5,5,4,5,5,5,5,5
283,3,2,1,1,2,3,2,1,1,5,3,1,2,1,5
284,5,4,2,2,2,5,4,2,3,5,5,3,2,2,5
285,5,5,1,3,5,5,5,3,5,5,5,5,3,4,5
286,3,2,1,1,1,1,5,1,3,4,3,4,2,3,3
287,3,4,5,4,5,4,3,4,1,5,5,3,4,5,5
288,4,1,2,2,3,2,2,2,3,3,2,2,1,4,3
289,4,1,1,3,2,2,4,1,1,4,4,2,1,1,5
29,5,5,5,5,5,5,5,5,5,5,5,5,5,5,5
290,2,1,1,1,4,1,1,1,1,1,1,1,1,1,4
291,3,4,4,2,4,1,2,4,2,2,3,3,5,5,4
292,4,1,1,4,5,2,1,1,3,4,5,2,2,4,5
293,5,4,1,4,5,5,2,1,5,1,5,4,1,5,5
294,1,1,1,1,1,1,1,1,1,1,1,1,1,1,1
295,1,5,1,1,1,1,1,1,3,3,3,3,1,1,3
296,3,4,3,2,4,3,3,3,3,5,4,4,2,5,5
297,2,1,1,1,2,1,1,1,1,2,1,1,1,1,2
298,3,3,1,3,2,3,4,1,1,3,2,4,1,1,5
299,5,1,3,3,4,1,1,5,1,5,3,1,1,4,5
3,5,4,1,2,4,5,4,1,4,5,5,5,1,4,5
30,5,5,5,4,4,5,2,5,2,5,5,4,5,5,5
300,1,1,1,2,1,1,1,1,1,2,1,1,1,1,1
301,2,4,1,1,3,4,5,1,1,5,5,1,1,3,5
302,5,3,4,3,3,4,3,1,1,4,4,3,1,2,5
303,5,5,3,4,4,5,5,3,5,4,4,3,3,5,5
304,5,4,4,3,5,4,2,4,2,4,5,4,3,4,5
305,2,3,2,5,5,4,4,2,2,5,4,3,1,5,5
306,3,2,3,1,2,2,5,4,2,2,5,4,1,2,5
307,3,4,3,3,5,2,3,2,3,5,4,4,1,5,5
308,4,1,1,1,1,3,3,1,1,3,3,3,1,3,4
309,4,4,1,2,4,4,3,1,3,3,4,4,2,4,5
31,4,1,1,2,4,3,1,3,1,3,5,1,1,2,4
310,4,4,2,2,3,3,4,2,1,3,4,4,2,3,4
311,4,1,3,2,2,4,5,5,2,5,5,5,3,3,5
312,1,1,1,1,1,1,1,1,1,1,1,1,1,2,4
313,2,3,1,1,4,1,2,2,2,2,4,5,1,4,5
314,4,4,2,1,5,5,1,5,4,5,5,1,4,5,5
315,3,1,1,1,2,1,1,1,1,1,1,1,1,2,3
316,4,1,2,4,5,3,1,3,1,5,4,1,2,3,5
317,4,4,1,3,3,4,4,2,3,4,3,3,1,1,4
318,4,3,5,1,2,3,2,5,4,4,2,2,4,4,4
319,5,3,1,3,5,5,4,1,2,4,3,4,1,3,5
32,2,3,3,2,3,4,2,2,3,4,5,2,3,3,5
320,1,3,3,4,4,4,5,4,4,4,4,4,4,4,4
321,3,1,1,1,1,4,1,1,1,2,2,1,1,1,4
322,4,1,1,1,1,1,1,1,1,1,4,1,1,1,1
323,5,1,1,1,5,1,1,1,1,5,1,1,1,5,5
324,5,3,1,3,4,3,1,1,3,5,5,3,1,4,5
325,5,3,3,4,4,5,2,4,2,4,4,4,2,4,5
326,4,5,2,4,4,4,2,3,1,4,4,2,1,2,4
327,1,1,1,1,2,1,1,1,1,1,1,2,1,2,2
329,1,1,1,2,2,1,1,1,1,2,1,1,1,1,2
33,2,3,2,2,4,1,3,2,3,2,3,4,2,3,4
330,3,4,2,1,4,3,4,2,2,5,3,4,2,4,5
332,3,5,5,5,5,5,5,5,5,5,5,5,5,5,5
333,5,5,4,3,3,5,4,5,5,5,5,5,5,5,5
334,5,3,3,4,3,5,3,5,4,5,4,3,1,4,5
335,5,3,1,2,1,5,2,3,4,5,5,3,1,1,5
336,1,1,1,1,1,1,1,1,3,1,1,2,1,1,4
337,5,1,3,4,5,4,1,5,1,4,4,1,1,3,2
338,4,2,1,2,5,2,1,1,1,2,4,2,1,4,5
34,5,3,1,4,5,5,3,3,2,5,4,4,1,4,5
340,2,1,1,3,2,1,1,1,1,4,2,1,1,1,4
341,5,5,3,5,5,5,5,3,5,5,5,5,3,5,5
342,5,5,3,5,5,5,5,5,5,5,5,5,5,5,5
343,4,5,4,4,4,4,4,4,4,4,4,4,3,5,5
344,5,5,2,2,4,3,4,2,2,5,5,5,2,2,5
345,3,2,1,2,2,3,3,1,2,1,3,2,1,2,4
346,5,4,1,5,3,4,4,4,1,2,3,4,2,4,5
347,1,1,1,1,1,1,1,1,1,1,1,1,1,1,1
348,4,4,5,2,4,4,1,4,2,2,3,2,2,2,4
349,3,3,2,2,3,3,4,3,2,4,3,3,2,4,4
35,1,2,2,1,3,1,1,1,1,4,4,1,2,2,4
350,1,1,1,1,3,1,1,1,1,1,1,1,1,1,3
352,4,4,1,2,2,3,3,1,3,4,4,3,1,3,5
353,4,3,3,3,5,5,5,3,5,4,3,3,2,3,5
354,5,5,5,5,5,5,5,5,4,4,4,5,5,4,5
355,3,3,1,1,4,4,1,1,1,4,4,1,1,1,5
356,2,3,1,2,3,2,1,1,2,4,3,1,1,3,4
357,5,4,5,5,5,3,3,5,1,4,4,3,2,5,5
358,5,3,1,4,3,4,2,3,1,3,3,4,1,2,4
359,2,2,2,2,1,3,2,2,2,1,2,2,2,1,3
36,5,4,4,4,4,5,4,2,5,5,5,4,3,5,5
360,5,4,1,4,3,5,2,2,1,4,5,5,2,4,5
361,5,5,3,5,5,5,5,3,5,4,5,5,4,5,5
362,2,2,4,4,5,4,2,4,5,5,2,2,3,4,5
363,1,2,1,1,1,1,1,1,1,3,1,1,1,1,1
364,4,3,5,4,5,2,2,5,2,2,2,2,1,4,5
366,5,5,3,1,3,2,2,3,3,4,4,2,2,5,5
367,4,5,2,3,3,4,3,2,1,5,4,4,2,3,4
368,5,1,1,4,4,2,1,1,1,5,5,1,1,1,5
369,5,2,1,5,5,4,2,1,1,1,2,1,1,4,5
37,2,1,1,1,1,2,2,1,1,1,4,2,1,3,4
370,4,5,4,4,4,5,5,4,4,5,5,5,4,5,5
371,1,5,1,3,1,4,4,1,1,3,4,3,1,5,5
372,5,5,1,4,4,4,4,1,1,1,4,4,1,3,4
373,2,1,1,1,3,2,2,1,1,2,1,1,1,1,2
374,5,5,1,3,5,5,4,1,5,3,5,5,1,4,5
375,4,4,3,3,3,4,3,5,3,4,4,4,2,4,5
376,4,1,1,2,4,1,1,1,3,4,4,2,1,4,4
377,5,5,2,5,5,5,5,2,1,3,4,5,2,5,5
378,4,3,3,4,3,4,2,3,2,5,4,2,3,4,4
379,4,3,4,1,3,1,5,5,3,5,3,3,3,2,5
38,2,1,1,1,1,1,1,1,1,3,2,1,1,1,4
380,3,2,1,3,4,4,1,3,1,4,5,2,3,5,5
381,3,2,1,2,3,2,1,1,2,1,1,1,1,3,4
382,1,1,1,1,2,1,1,1,1,1,1,1,1,1,1
383,5,5,1,1,1,3,3,1,4,4,4,4,1,4,4
384,4,4,1,4,4,4,4,1,4,4,4,4,1,4,4
385,1,1,1,1,4,2,1,1,1,4,3,2,1,1,4
386,1,3,1,2,4,3,1,1,1,4,4,1,2,4,5
387,5,1,4,1,4,3,1,4,1,4,2,1,1,2,5
388,5,5,2,3,5,4,3,4,1,4,5,3,3,3,5
389,1,3,1,1,1,3,1,1,1,2,4,1,1,2,5
390,1,1,1,1,3,1,1,1,3,3,2,1,1,2,4
391,5,1,1,1,4,1,3,5,1,4,4,1,4,2,5
392,4,3,1,1,4,2,1,1,1,4,2,1,1,1,4
393,5,5,5,5,5,5,5,5,5,5,5,5,5,5,5
396,5,5,1,3,5,1,1,1,1,5,1,1,1,1,4
397,5,5,5,5,5,5,5,5,5,5,5,5,5,5,5
398,4,5,3,4,3,2,3,3,4,5,2,3,2,5,5
399,4,4,2,2,4,4,2,2,3,4,4,2,2,3,5
4,5,4,1,4,4,5,4,3,1,5,5,5,3,5,5
40,5,1,1,3,4,3,1,1,1,3,1,1,1,2,5
400,1,4,1,1,1,1,4,1,1,1,1,1,1,1,4
401,2,4,1,1,1,2,4,1,1,2,2,4,1,2,4
402,5,2,4,2,5,4,1,5,3,5,2,3,3,2,3
403,1,1,4,4,2,4,1,5,3,3,3,1,1,1,5
404,4,4,1,4,4,5,4,3,4,5,4,5,3,2,5
405,5,4,3,4,5,5,5,4,5,4,5,5,2,4,5
406,3,1,3,3,1,5,1,2,1,4,4,2,2,2,5
407,4,4,3,3,3,4,4,3,4,4,3,3,2,3,4
408,5,4,3,1,5,2,1,4,1,5,4,4,3,4,5
409,5,5,1,2,2,4,5,2,1,4,4,4,1,4,5
410,5,5,5,1,4,5,5,5,1,4,1,1,1,4,5
411,5,4,3,4,2,5,5,3,4,3,3,5,3,1,5
412,5,3,2,3,3,4,5,4,3,5,3,2,4,2,5
413,3,2,4,5,5,2,2,5,2,4,3,2,3,4,4
414,1,3,1,1,3,1,1,3,1,3,2,1,1,1,3
415,3,1,1,4,4,1,1,1,1,4,1,1,1,1,4
416,2,1,1,1,2,2,4,1,1,4,1,3,1,2,5
417,3,3,2,2,4,2,4,4,2,4,3,2,2,2,4
418,5,5,3,4,4,4,5,3,4,4,4,4,3,4,4
419,1,2,1,1,1,1,1,1,2,2,2,1,1,1,5
42,4,3,3,4,5,4,3,3,2,4,4,4,2,5,5
420,5,1,1,2,4,3,3,2,1,5,2,1,1,1,4
421,2,1,1,1,1,1,1,1,1,1,2,1,1,1,1
422,5,1,1,1,2,5,1,1,1,4,5,1,1,4,5
423,1,2,1,2,4,3,1,1,4,4,4,2,1,5,3
424,5,5,4,5,5,5,5,4,4,5,5,5,5,5,5
425,5,2,1,1,1,5,1,1,1,5,5,1,1,1,5
426,5,1,1,3,3,2,1,1,1,2,2,1,1,5,3
427,4,5,3,5,5,5,5,3,2,5,4,5,4,4,5
428,5,5,5,5,5,5,5,5,5,5,5,5,5,5,5
429,1,4,1,1,1,2,1,1,1,1,1,1,1,1,1
43,3,3,5,2,4,5,3,5,2,4,3,4,4,5,4
430,5,4,4,3,5,5,4,5,5,5,5,5,5,5,5
431,5,4,1,4,4,5,4,2,5,5,4,5,2,5,5
432,2,5,1,1,4,1,1,1,1,1,4,1,1,3,5
433,5,5,1,2,4,5,4,1,4,5,5,4,1,5,5
434,5,4,1,3,3,5,4,1,2,3,5,4,1,4,4
435,4,3,1,1,3,4,3,1,2,2,2,4,1,2,5
436,1,2,1,1,2,2,1,1,1,1,2,1,1,2,4
437,1,4,3,4,1,5,3,5,1,1,4,4,5,5,5
438,5,5,5,4,4,4,3,4,4,5,4,5,5,5,5
439,1,2,1,1,4,1,2,1,2,3,3,2,1,2,4
44,2,1,1,2,2,1,1,1,1,4,2,2,1,2,3
440,1,1,1,1,1,1,1,1,1,1,1,1,1,1,1
441,4,2,2,4,1,4,2,4,1,4,4,2,1,4,2
442,5,4,3,4,5,5,3,3,5,5,5,4,3,5,5
443,1,1,1,1,4,1,1,1,1,1,2,1,1,1,3
444,4,4,3,4,5,4,4,3,3,3,5,5,3,4,4
445,1,1,1,1,2,1,1,1,1,3,2,1,1,1,2
446,4,4,2,2,4,5,4,4,3,4,4,3,2,2,4
447,5,3,1,1,1,4,1,1,1,4,4,1,1,1,4
448,5,5,5,5,5,5,5,5,5,5,5,5,5,5,5
449,3,4,1,1,2,3,1,1,1,1,1,1,1,1,5
45,3,5,1,3,2,4,4,1,1,1,4,4,1,1,3
450,1,1,1,1,5,1,1,1,1,2,1,1,1,1,5
451,5,5,1,5,5,5,5,1,4,2,4,5,1,5,5
452,5,5,3,5,5,5,4,3,5,5,5,5,5,5,5
453,1,1,1,1,2,1,1,1,1,2,1,1,1,1,2
454,4,3,2,4,4,4,2,2,2,4,4,2,2,4,5
455,2,1,1,1,1,2,1,1,1,3,1,1,1,1,4
456,5,5,1,4,4,5,4,1,5,5,5,4,1,5,5
457,5,5,4,4,5,5,4,5,5,5,5,5,5,5,5
458,3,4,2,3,4,3,4,2,4,4,4,3,1,4,4
459,5,5,1,4,1,5,5,1,1,4,5,5,1,4,5
46,4,1,1,1,2,2,1,1,1,3,3,1,1,2,3
460,5,5,5,5,5,5,5,5,5,5,5,5,5,5,5
461,4,3,3,4,4,4,3,5,3,3,4,3,5,4,3
462,5,5,5,5,5,5,5,5,5,5,5,5,5,5,5
463,5,5,3,4,5,5,5,3,3,5,4,5,3,3,4
464,4,4,2,3,3,3,3,2,2,4,4,3,2,2,4
465,5,4,4,5,5,5,5,5,4,5,5,5,4,5,5
466,5,5,4,3,5,1,1,4,5,4,5,4,4,5,5
467,5,3,1,5,5,5,2,1,5,5,5,2,1,5,5
468,4,2,1,4,1,4,2,1,4,4,3,3,1,3,4
469,4,3,4,5,4,4,3,5,4,4,4,5,4,4,4
47,1,1,3,2,3,2,1,3,1,3,1,1,1,2,4
470,4,4,3,3,5,2,4,3,3,4,3,3,2,3,4
471,5,5,5,4,3,5,5,5,5,5,5,5,5,5,5
472,4,5,3,3,4,3,4,5,3,5,5,5,3,5,5
473,5,5,5,5,4,4,5,5,5,5,5,5,5,4,4
474,5,5,4,4,5,5,4,3,3,5,5,4,3,5,5
475,5,5,5,4,5,5,5,5,5,5,5,5,5,5,5
476,5,5,4,5,5,5,5,5,3,5,5,5,4,3,5
477,5,5,5,4,3,5,5,4,4,5,5,5,4,5,5
478,5,5,4,3,4,5,5,4,3,4,5,5,3,4,4
479,5,5,1,5,5,5,5,3,5,5,5,5,3,5,5
48,4,4,3,2,4,3,1,1,2,3,4,4,1,4,5
480,5,5,5,5,5,5,5,5,5,5,5,5,3,3,5
481,5,5,5,5,5,5,5,5,5,5,5,5,5,5,5
482,5,5,3,5,5,5,5,3,5,4,5,5,3,5,5
483,4,5,5,4,5,5,5,5,4,5,1,5,3,4,5
484,5,4,1,4,5,4,5,1,5,5,3,5,4,3,4
485,5,5,1,5,5,5,4,1,5,5,5,5,1,5,5
486,4,5,2,1,5,3,2,1,3,2,5,3,3,4,5
487,5,4,1,4,4,4,4,1,3,5,5,4,1,5,5
488,5,5,5,5,5,5,5,5,1,5,5,5,5,5,5
489,1,2,2,2,2,1,1,3,1,4,1,1,1,1,1
49,3,4,5,4,1,3,1,5,5,1,1,1,2,4,5
490,5,5,5,5,5,5,5,5,5,5,5,5,5,5,5
491,4,5,1,3,4,4,4,1,4,4,5,5,1,3,5
492,5,5,2,5,4,5,5,3,4,5,5,5,5,5,5
493,1,1,1,1,1,1,1,1,1,1,1,1,1,1,1
494,4,5,2,4,5,5,4,1,2,5,5,4,2,5,5
495,5,4,2,3,3,4,5,3,3,4,4,4,3,4,5
496,4,5,3,4,3,4,4,5,3,5,4,5,4,3,4
497,4,5,3,4,5,5,4,4,3,4,4,4,3,4,5
498,4,5,4,4,4,4,4,3,3,5,3,5,2,4,4
499,5,5,5,5,5,5,5,5,5,5,5,5,5,5,5
5,1,1,1,1,1,1,1,1,1,1,1,1,1,1,1
50,3,4,3,2,4,5,2,3,1,4,2,3,3,2,5
500,5,5,3,5,5,5,4,2,5,5,5,5,2,4,5
501,3,5,3,3,5,3,5,4,3,5,3,3,3,5,4
502,5,5,5,5,5,5,5,5,5,5,5,5,3,5,5
503,5,4,2,5,5,5,4,3,5,5,5,5,3,5,5
505,5,5,5,5,5,5,5,5,5,5,5,5,5,5,5
506,5,5,5,5,5,5,5,5,1,5,3,5,5,5,5
507,5,3,1,5,5,1,1,1,4,5,5,1,1,4,5
508,5,4,4,3,5,4,3,5,4,5,5,3,4,3,4
509,5,5,1,5,5,5,5,5,5,5,5,5,5,5,5
51,4,4,1,1,2,4,2,1,1,1,3,2,2,2,5
510,5,5,5,5,5,5,5,5,5,5,5,5,5,5,5
511,5,5,5,4,5,5,5,5,5,5,5,5,4,5,5
512,5,4,4,4,4,5,4,5,5,5,5,4,3,5,3
513,5,5,5,5,5,5,5,5,5,5,5,5,5,5,5
514,5,5,3,5,5,5,5,5,5,5,5,5,3,4,5
515,4,4,4,4,4,4,3,5,3,3,4,3,4,4,5
516,5,4,1,5,5,3,4,5,4,5,5,4,4,5,5
517,5,5,5,5,5,5,5,5,5,5,5,5,5,5,5
518,5,5,5,5,5,5,5,5,5,5,5,5,5,5,5
519,3,3,2,2,4,4,3,3,3,4,4,4,3,3,4
52,2,1,1,1,1,1,1,1,1,1,1,1,1,1,5
520,4,4,3,4,3,4,4,4,4,4,4,4,4,4,4
521,4,3,2,4,5,4,2,1,3,3,4,3,1,3,5
522,1,4,2,2,4,2,4,2,2,4,2,4,2,4,4
523,1,2,1,1,1,1,2,1,1,2,1,1,1,1,1
524,4,4,3,4,4,4,4,4,4,4,4,4,4,4,4
525,4,5,4,4,4,4,4,5,4,4,4,5,4,4,4
526,5,5,1,1,1,1,1,1,1,4,2,5,2,2,4
527,4,4,1,2,2,1,5,1,1,5,3,3,1,4,5
528,2,2,1,1,2,2,2,1,2,1,2,1,1,1,3
529,5,5,3,4,5,4,1,5,1,5,5,3,3,4,5
53,5,5,4,4,4,5,4,4,3,4,5,4,4,5,5
530,5,3,1,2,3,3,1,3,3,4,5,1,1,3,5
531,5,4,1,3,4,3,3,3,3,3,5,4,3,3,5
532,3,3,1,1,5,1,1,3,1,3,1,1,1,1,3
533,5,5,3,4,4,5,5,4,4,3,4,5,4,4,4
534,3,4,1,1,1,1,4,1,1,2,3,3,1,2,4
535,5,4,2,2,4,3,3,5,2,5,3,3,2,2,4
536,5,5,5,5,5,5,5,5,5,5,5,5,5,5,5
537,5,4,2,4,5,5,4,2,4,5,5,4,3,4,5
538,5,2,1,1,1,4,2,1,1,5,5,4,1,1,2
539,4,4,1,3,2,2,3,1,2,4,4,4,1,2,4
54,5,5,5,5,5,5,5,5,4,5,5,5,5,5,5
540,5,5,5,5,5,3,5,5,4,3,5,5,3,5,5
541,4,3,3,3,5,4,2,4,3,5,3,2,3,3,5
542,4,4,4,3,3,4,3,3,2,4,3,3,2,3,4
543,5,4,3,4,5,5,4,4,2,5,4,4,4,5,5
544,1,1,1,1,1,1,1,1,1,2,1,1,1,1,1
545,4,1,1,1,2,4,1,1,1,3,4,1,1,1,5
546,4,3,1,1,4,3,1,1,1,4,3,3,1,1,4
547,5,5,5,5,3,5,5,3,5,5,5,3,3,5,5
548,4,5,2,5,1,5,5,1,1,4,1,5,3,1,5
549,5,3,3,5,5,5,5,4,3,5,4,5,3,4,5
55,5,1,1,3,2,1,4,1,1,2,2,1,1,4,5
551,3,2,1,3,2,4,3,2,2,3,4,2,2,2,5
552,3,3,5,3,5,5,5,5,3,5,3,5,5,5,5
553,4,4,2,3,2,2,4,2,2,4,2,4,2,2,4
554,5,2,3,4,3,5,4,4,2,3,3,4,2,3,5
555,4,2,2,4,4,4,2,3,2,5,4,3,3,4,4
556,5,5,1,5,5,5,5,1,5,4,5,5,1,4,5
557,5,5,2,2,3,4,2,1,1,1,5,2,1,4,5
558,4,3,1,3,2,4,2,2,1,3,3,3,2,2,3
559,2,1,1,2,4,2,1,1,1,4,2,1,1,1,4
56,1,1,1,1,1,4,1,1,1,2,3,1,1,2,5
560,5,5,1,5,5,5,5,1,5,5,5,5,1,5,5
561,1,2,1,3,1,1,1,2,1,3,1,1,2,2,3
562,5,5,2,5,5,5,5,5,4,5,5,5,5,5,5
563,4,5,4,3,3,4,5,5,5,4,3,4,5,3,3
564,5,5,4,5,5,5,5,5,4,5,5,5,5,5,5
565,1,1,4,1,1,4,1,5,1,4,1,4,3,1,3
566,1,1,1,1,1,1,1,1,1,1,1,1,1,1,1
567,5,4,1,1,2,1,2,1,2,3,3,4,1,5,5
568,3,4,1,2,3,1,1,2,1,4,2,2,1,1,5
569,4,4,1,3,5,3,3,1,3,5,3,4,1,3,4
57,3,4,5,3,3,4,2,5,2,5,2,3,4,4,5
570,5,5,1,4,5,5,5,5,2,5,5,5,1,1,5
572,3,4,1,3,2,4,4,2,4,5,4,4,4,2,5
573,1,1,1,1,1,1,1,1,1,3,3,1,1,1,4
574,3,4,1,4,3,3,4,3,3,4,4,4,2,3,5
575,3,3,3,2,4,4,3,5,3,4,3,3,3,2,4
576,2,4,1,3,2,4,2,3,3,4,4,3,2,2,5
577,4,4,1,4,3,4,3,1,3,4,4,4,1,3,5
578,5,5,5,5,5,5,5,5,4,5,5,5,4,5,5
579,3,5,3,4,5,4,5,3,4,4,3,4,3,3,5
58,4,2,1,1,1,1,4,1,1,1,1,1,1,1,5
580,5,5,1,5,5,5,5,5,5,5,5,5,5,5,5
581,5,4,2,4,4,4,2,3,4,5,5,4,3,4,5
582,2,2,1,2,3,3,2,1,2,3,3,2,1,2,3
584,5,3,1,4,4,3,3,3,4,4,4,2,3,3,3
585,5,4,1,4,4,5,5,2,3,4,4,3,3,3,5
586,4,2,2,4,4,2,4,5,1,5,2,3,4,5,5
587,4,5,3,4,5,4,4,4,3,5,4,3,4,4,4
588,2,2,1,1,2,2,1,2,1,3,2,2,1,2,2
589,5,5,5,4,4,5,3,5,2,5,5,4,5,5,5
59,5,5,3,5,4,5,4,4,5,4,5,5,3,5,4
590,3,4,1,3,3,4,4,4,1,3,3,3,2,4,5
591,2,2,3,3,2,4,1,2,1,3,3,2,4,3,5
592,5,3,3,4,3,4,4,3,2,4,5,4,2,4,5
593,5,5,2,4,5,4,4,2,3,5,4,5,2,5,5
594,1,1,1,1,2,1,1,1,1,2,1,1,1,1,3
595,1,1,2,1,1,3,1,2,1,1,1,1,1,1,5
596,5,4,1,4,4,5,4,1,1,5,4,4,1,3,4
597,2,3,1,2,1,2,1,2,1,1,2,1,1,3,3
598,1,1,1,1,1,1,1,1,1,1,2,1,1,1,3
599,1,1,1,1,1,2,1,1,1,2,1,1,1,1,1
6,5,4,3,3,4,5,5,5,5,5,5,5,3,4,5
60,5,3,2,3,4,4,2,4,2,5,5,2,4,4,5
600,3,3,2,2,3,3,2,3,2,3,3,2,3,3,4
601,2,1,1,1,2,3,1,1,1,3,1,1,1,1,1
602,3,2,2,1,3,2,1,3,2,4,3,1,3,2,4
603,1,1,1,1,1,1,1,1,1,1,1,1,1,1,1
604,4,4,2,3,4,4,2,2,3,4,3,2,3,3,5
605,5,5,1,3,5,5,5,1,3,5,5,5,1,5,5
606,2,3,3,3,3,3,3,2,2,2,2,2,2,2,2
607,5,2,2,3,5,3,5,3,3,4,3,2,4,3,5
608,1,3,1,1,1,1,1,1,1,4,1,1,1,2,4
609,4,5,1,2,2,4,5,1,1,2,3,4,1,2,5
61,4,1,1,3,1,3,1,1,2,5,4,2,1,3,5
610,4,1,1,1,4,2,1,1,1,4,1,1,1,1,1
611,3,5,1,1,3,2,3,1,3,2,4,3,1,2,5
612,4,5,1,4,3,4,5,1,3,5,3,4,1,4,5
613,5,5,1,5,5,5,5,1,5,5,5,5,1,3,4
614,4,5,1,1,4,4,5,1,5,5,5,5,1,4,5
615,1,5,1,1,1,1,1,1,5,5,1,1,1,5,5
617,5,5,3,4,4,5,5,3,4,4,5,4,4,4,5
618,5,5,1,5,5,5,4,3,4,3,5,5,2,5,5
619,1,1,1,1,1,1,1,1,1,1,1,1,1,1,1
62,1,1,1,1,2,1,1,1,1,1,1,1,1,1,3
620,2,3,1,1,3,4,1,1,1,1,4,1,1,1,5
621,5,5,5,5,5,5,5,5,5,3,5,5,3,4,3
622,4,4,1,4,4,4,4,1,4,4,4,3,1,4,4
623,5,5,1,5,4,5,5,3,5,5,5,5,4,5,5
624,5,5,5,4,3,2,5,1,4,1,4,5,3,3,4
625,5,4,2,4,5,4,5,2,2,4,4,4,1,5,5
627,4,1,1,1,4,4,1,1,1,4,2,1,1,1,4
628,1,4,3,1,2,1,3,3,4,1,4,3,4,1,4
629,4,2,1,2,2,2,2,1,1,3,2,2,1,1,4
63,1,3,1,1,3,1,1,1,1,1,3,1,1,1,1
630,5,5,1,5,5,5,5,1,5,2,5,5,2,5,5
631,3,3,1,1,3,4,1,3,1,3,3,2,2,3,4
632,5,3,2,4,4,4,4,2,2,5,5,2,2,5,5
633,1,2,1,1,1,1,1,1,1,4,1,1,1,1,4
634,5,3,5,5,5,3,1,5,4,5,4,1,5,2,5
635,1,1,1,1,5,1,1,1,1,1,1,1,1,3,4
636,2,3,4,2,4,2,2,4,4,4,2,2,4,4,4
637,5,5,5,4,5,5,5,5,5,5,5,5,5,5,5
638,5,5,5,5,5,5,5,5,5,5,5,5,5,5,5
639,5,5,3,2,5,5,5,3,5,5,5,5,1,5,5
64,3,4,3,4,5,3,4,1,4,5,3,4,1,4,5
640,1,1,1,1,1,2,1,1,1,2,1,1,1,1,2
641,5,5,3,5,5,5,5,4,4,3,4,5,3,4,5
642,1,3,1,1,1,1,1,1,1,2,1,1,1,2,2
643,1,1,5,5,4,3,3,3,1,5,3,3,3,1,3
644,1,1,1,1,1,1,1,1,1,2,1,1,1,1,2
645,5,5,5,5,5,5,5,5,5,2,5,5,5,5,5
646,2,1,1,1,1,1,1,1,1,4,2,1,1,2,2
647,4,2,1,1,2,1,2,1,1,2,3,1,1,1,2
648,1,3,1,2,1,2,1,1,1,2,3,1,1,4,4
649,3,3,3,3,3,3,3,3,3,3,3,3,3,3,3
650,4,2,3,4,3,3,3,3,2,4,3,2,3,3,4
651,2,2,2,1,1,1,1,4,1,1,1,1,4,2,3
653,3,2,1,3,4,3,1,1,1,3,4,1,1,3,5
654,1,1,1,1,1,3,1,1,1,2,1,1,1,1,1
655,4,2,1,1,2,2,1,1,1,2,3,2,1,2,3
656,5,3,4,4,5,5,1,5,5,5,5,4,4,5,5
657,4,2,1,2,3,4,1,1,1,4,3,4,1,2,5
658,4,5,2,4,4,5,5,4,2,4,5,5,1,4,5
659,5,5,1,1,5,3,5,1,1,3,5,5,1,3,5
66,5,3,4,3,4,5,3,1,1,1,4,1,3,3,5
660,1,3,1,1,2,2,1,1,2,1,1,1,1,1,1
661,4,3,5,2,3,3,3,5,3,3,4,2,3,3,5
662,1,1,1,1,1,2,1,1,1,1,1,1,1,1,2
663,5,4,4,5,5,5,5,5,5,4,5,5,5,5,5
664,5,5,5,5,5,5,5,5,5,5,5,5,5,5,5
665,2,2,1,5,5,5,3,4,3,4,4,1,1,5,4
666,2,4,1,2,4,1,2,1,1,4,5,2,1,2,5
667,4,4,3,3,4,3,3,4,3,5,4,3,4,4,5
668,1,1,1,1,1,1,1,1,1,1,1,1,1,1,2
669,4,1,1,1,4,3,1,1,2,3,4,1,1,4,5
67,3,5,3,5,3,3,5,4,3,4,3,5,2,4,5
670,2,1,3,1,5,2,1,3,1,4,4,1,2,2,5
671,5,5,1,4,5,5,5,1,1,5,5,5,1,2,5
672,2,2,1,2,3,4,1,1,2,2,3,1,1,2,3
673,3,3,3,2,4,3,2,2,2,3,3,3,3,3,5
674,1,1,1,1,1,1,1,1,1,2,1,1,1,1,1
675,3,4,3,4,4,3,2,3,4,4,3,3,3,2,4
676,1,2,1,2,1,5,1,1,2,4,2,2,1,2,5
677,4,2,1,1,2,2,2,1,1,3,4,1,1,1,5
678,2,1,1,2,3,3,1,3,1,4,3,1,1,3,3
679,2,3,1,3,3,4,3,2,1,2,5,3,2,4,5
68,4,1,1,2,1,4,1,1,1,2,3,1,1,1,3
680,4,4,2,4,4,5,4,3,3,2,4,4,3,3,4
681,4,2,1,3,5,5,3,1,2,5,5,1,1,2,5
682,1,1,1,2,2,2,2,2,2,2,2,1,1,1,1
683,5,5,1,1,3,1,3,1,1,3,3,2,1,1,5
684,5,1,1,2,3,5,1,1,1,5,3,1,1,3,5
685,5,5,4,4,4,5,5,5,1,5,5,5,2,5,5
686,1,1,1,1,1,1,1,1,1,1,1,1,1,4,1
687,3,4,2,3,2,4,1,1,1,4,3,2,1,3,4
688,1,1,1,1,3,1,3,1,1,1,1,1,1,1,2
689,5,2,5,5,5,5,2,5,5,5,5,3,5,5,5
69,2,2,3,2,2,3,2,5,2,3,2,2,3,1,4
690,5,4,2,4,5,4,4,5,2,5,4,3,2,5,5
691,5,4,4,3,4,5,2,5,1,4,5,1,4,2,5
692,4,2,1,1,1,4,2,1,1,2,4,3,1,2,5
693,4,2,1,1,5,3,1,1,1,3,3,1,1,2,5
694,4,2,1,3,4,4,2,1,1,4,3,4,1,2,4
695,1,1,1,1,1,4,1,1,1,2,1,1,1,1,2
696,2,1,1,2,2,2,4,1,2,1,2,2,1,4,4
697,4,3,1,1,2,1,1,3,1,3,3,1,1,1,4
698,1,1,1,2,1,1,1,1,1,2,1,1,1,1,1
699,2,4,1,1,1,2,4,1,2,4,4,3,1,2,5
7,1,2,1,1,1,5,1,1,1,4,1,1,1,1,5
70,4,3,1,4,3,4,2,1,1,5,2,1,1,3,5
700,5,2,1,3,3,5,1,1,1,4,2,1,1,1,5
701,5,4,5,4,5,5,4,5,3,5,5,4,5,5,5
702,1,1,1,1,1,1,1,1,1,2,1,1,1,1,1
703,1,3,4,5,3,4,3,5,3,5,4,2,4,5,5
704,4,4,4,5,3,3,2,4,1,4,4,5,4,1,4
705,2,1,1,1,3,1,1,1,1,1,1,1,1,1,3
706,5,4,1,1,5,5,4,1,1,5,5,2,1,2,5
707,4,2,1,1,4,4,1,2,1,4,2,1,1,2,4
708,5,3,1,2,2,3,4,1,1,4,3,3,1,1,5
709,3,3,3,3,3,3,3,3,3,3,3,3,3,3,4
71,2,3,1,2,4,4,3,1,1,4,5,4,2,2,5
710,4,5,5,5,5,5,4,5,3,5,5,5,3,5,5
711,5,5,1,5,5,5,5,1,4,5,5,5,1,5,5
712,4,4,4,2,4,4,4,4,2,2,4,2,2,4,4
713,5,4,5,5,5,5,4,5,2,4,3,3,3,2,5
714,4,2,4,4,4,4,2,5,1,4,5,3,4,4,5
715,2,1,1,3,5,2,1,1,1,5,2,1,1,1,5
716,2,4,3,3,5,2,2,2,1,3,3,1,2,3,5
717,2,1,1,1,3,1,2,1,1,1,1,1,1,1,3
718,2,2,1,3,3,2,2,1,4,5,4,3,1,2,4
719,1,1,1,1,2,1,1,1,1,1,1,1,1,1,4
72,1,1,1,1,1,4,3,1,1,2,3,1,1,1,4
720,5,5,1,1,5,5,1,1,5,5,5,5,1,1,5
721,5,4,1,5,4,3,3,2,5,3,3,4,2,3,5
722,2,2,1,2,2,2,1,1,1,1,2,2,2,3,5
723,5,1,1,4,1,1,1,1,1,5,2,1,1,1,4
724,4,4,5,4,4,4,4,5,4,4,4,4,4,4,5
725,5,4,1,4,4,3,4,1,1,5,5,4,1,4,5
726,1,1,1,1,1,3,3,1,1,4,3,1,1,2,4
727,2,4,1,4,4,4,3,4,2,5,4,3,2,4,4
728,4,2,1,1,1,4,2,1,1,2,4,1,1,2,5
729,3,3,3,4,4,5,5,3,3,4,3,4,3,4,5
73,4,3,1,2,3,3,2,1,1,4,2,1,1,1,4
730,4,1,1,2,1,1,1,1,1,1,3,2,1,2,4
731,4,2,1,1,4,4,5,2,1,1,1,4,1,3,4
732,4,4,4,5,5,4,3,4,3,4,4,4,5,3,5
733,5,4,5,5,5,5,4,5,1,5,5,4,5,5,5
734,5,3,1,1,2,1,1,1,1,3,5,4,1,2,5
735,4,4,2,2,2,3,2,3,1,4,4,2,2,3,4
736,4,2,1,1,1,4,1,1,1,5,4,1,1,3,5
737,4,4,1,2,3,3,4,2,1,4,5,4,2,5,5
738,3,2,1,1,2,4,2,1,1,1,3,3,1,1,3
739,5,5,4,4,4,3,5,5,3,4,3,5,4,4,5
74,4,4,1,1,4,1,1,1,1,4,3,1,1,3,4
740,1,1,5,2,4,1,3,5,1,4,2,3,1,2,5
741,5,2,1,1,4,1,1,1,1,1,4,1,1,3,5
742,4,4,1,1,3,2,5,1,5,4,2,1,1,3,2
743,3,2,2,3,2,4,3,4,2,4,2,2,3,2,4
744,4,1,1,3,4,2,1,2,1,4,2,1,2,3,4
745,5,2,5,2,5,2,3,4,3,5,3,3,3,3,5
746,4,3,1,1,2,3,1,1,1,2,4,4,1,2,4
747,3,2,1,1,1,1,1,1,1,1,1,1,1,2,1
748,2,2,1,2,4,2,1,1,4,2,2,1,1,1,4
749,5,1,1,1,1,3,1,2,2,3,4,1,2,4,5
75,1,5,1,4,5,1,1,1,2,5,2,2,1,2,5
750,5,2,3,3,1,5,3,4,2,5,5,3,2,2,5
751,2,3,1,2,1,1,1,1,2,3,3,4,1,2,5
752,4,4,3,4,4,4,4,4,2,4,4,4,4,2,4
753,4,4,2,2,2,4,4,2,2,5,4,3,3,2,4
754,4,1,1,1,1,3,2,1,1,4,2,1,1,2,3
755,5,1,1,1,2,1,1,1,1,5,4,1,1,1,5
756,5,4,2,5,5,5,4,2,4,4,4,3,1,4,5
758,2,4,4,4,5,1,2,4,1,2,4,4,1,4,5
759,1,1,1,1,1,2,1,1,1,2,1,1,1,1,3
76,1,1,1,1,1,1,1,1,1,1,1,1,1,1,1
760,1,1,1,1,4,1,1,1,1,4,1,3,1,1,5
761,5,5,4,5,5,5,4,4,3,3,3,3,3,5,5
762,5,5,1,4,5,5,3,1,2,5,5,4,1,4,5
763,4,4,2,3,4,3,5,5,2,4,5,1,3,3,2
764,4,4,2,4,4,4,4,3,4,4,4,4,4,4,4
765,5,5,1,4,4,5,5,4,4,4,4,5,3,5,5
766,5,5,1,3,4,4,4,1,3,4,5,5,1,4,5
767,5,5,1,2,5,3,2,1,1,3,5,5,1,3,5
768,4,4,1,1,4,2,2,1,1,1,4,3,1,1,5
769,5,5,1,5,5,5,5,5,5,5,5,5,1,5,5
77,3,3,1,4,2,4,1,2,2,2,2,3,2,2,4
770,4,2,1,1,1,4,1,1,1,4,1,1,1,4,4
771,2,4,1,3,4,3,4,1,3,5,2,3,1,2,4
772,1,1,1,1,1,3,2,1,1,1,2,1,1,1,5
773,5,5,3,5,5,5,5,5,5,5,5,5,5,5,5
774,5,5,1,5,5,5,5,1,5,5,5,5,1,5,5
775,5,5,5,5,4,5,5,5,5,5,5,5,5,5,5
776,1,1,1,1,2,1,1,1,2,2,1,1,1,1,2
777,5,1,1,1,1,1,1,1,1,1,1,1,1,3,4
778,2,1,1,1,1,1,1,2,1,2,1,1,2,2,4
779,3,4,2,2,4,4,3,2,2,4,5,3,2,3,5
78,1,1,1,1,1,1,1,1,1,4,1,1,1,1,4
780,1,2,2,1,1,1,1,5,2,5,2,1,1,1,5
781,5,3,4,4,5,5,5,5,2,5,4,4,4,5,5
782,5,5,3,4,5,5,5,5,4,5,5,5,2,5,5
783,1,2,1,1,1,1,1,1,1,3,1,2,1,1,3
784,4,3,1,1,2,2,3,1,1,4,4,2,2,1,4
785,4,5,1,1,5,2,4,1,1,1,4,1,1,1,5
786,5,5,3,4,4,5,5,3,5,5,4,5,3,4,5
787,3,3,1,1,2,3,4,1,1,3,4,3,1,2,5
788,5,5,4,5,5,5,5,5,5,5,5,5,4,5,5
789,4,5,1,2,2,2,4,4,1,4,2,4,1,4,4
79,1,2,1,1,2,1,1,1,1,2,1,1,1,1,2
790,4,2,1,1,1,1,4,3,2,5,2,2,3,4,5
791,4,3,2,3,4,2,3,3,3,5,2,3,2,2,4
792,5,4,1,4,5,4,5,1,1,5,5,5,1,5,5
793,4,4,3,4,5,5,2,4,4,5,4,3,3,5,5
794,5,3,1,4,5,4,2,1,4,2,4,3,1,5,5
795,4,1,1,1,1,4,2,1,1,4,3,1,1,1,5
796,2,1,1,1,2,1,1,1,1,1,1,1,1,1,4
797,5,3,3,4,5,5,5,4,5,5,5,4,3,5,5
798,1,4,1,1,3,1,1,1,1,2,1,1,1,1,5
799,1,1,2,1,2,3,1,2,2,3,1,1,1,1,3
8,4,4,4,5,5,5,4,4,2,5,4,2,2,1,5
80,5,4,1,4,3,4,4,1,2,4,4,3,1,3,4
800,5,4,4,4,4,4,4,5,4,3,4,5,5,5,5
801,5,5,5,5,5,5,5,5,3,5,5,5,2,4,5
802,4,5,3,3,5,5,5,4,3,5,5,5,5,4,5
803,5,1,1,3,4,1,1,1,1,5,4,1,1,2,5
804,4,3,3,4,4,3,4,5,4,5,5,3,4,4,5
805,5,5,5,5,5,5,5,5,5,5,5,5,5,5,5
806,5,2,4,1,1,4,1,5,1,5,5,1,3,2,5
807,5,4,1,3,5,2,3,5,2,5,3,4,3,4,5
808,1,1,1,1,1,1,1,1,1,1,1,1,1,1,4
809,4,1,1,1,3,1,1,3,1,3,3,1,1,4,4
81,4,3,2,4,4,4,2,2,3,5,3,2,4,4,4
810,4,2,1,2,3,4,2,1,1,1,4,2,1,2,5
811,2,2,1,1,1,1,1,2,1,1,1,1,1,1,2
812,3,1,1,1,2,3,2,1,1,5,5,4,1,4,5
813,4,4,1,2,3,2,2,1,2,4,4,2,1,3,4
814,2,1,1,1,2,1,1,1,1,2,1,1,1,1,3
815,1,1,1,1,1,1,1,1,1,1,1,1,1,1,2
816,4,4,1,4,3,4,3,1,1,4,4,1,1,3,4
817,5,5,5,5,5,5,3,5,5,5,5,5,5,5,5
818,5,5,4,5,5,4,5,5,5,5,5,5,1,5,5
819,3,1,1,1,4,3,2,1,2,1,4,1,1,4,3
82,5,4,3,2,1,4,4,3,4,2,4,4,3,4,5
821,4,1,3,3,2,3,1,4,2,5,3,2,3,2,5
822,5,3,4,2,2,4,1,5,2,4,3,1,2,2,4
823,1,1,1,1,1,1,1,1,1,1,1,1,1,1,1
824,2,1,1,1,1,2,1,1,1,4,2,1,1,3,4
825,5,4,5,4,5,4,4,5,4,5,5,4,4,5,4
826,5,5,3,3,4,5,5,4,4,5,5,5,4,4,5
827,4,5,4,2,1,2,4,3,4,5,2,4,5,2,5
829,2,1,1,2,2,3,1,1,1,2,4,2,1,1,4
83,1,1,1,1,4,4,1,1,2,1,3,1,1,1,4
830,3,2,3,3,4,4,4,3,3,4,3,4,3,5,5
831,5,2,4,5,5,4,4,4,5,4,2,5,2,4,4
832,1,1,1,2,2,1,1,1,1,1,1,1,1,1,4
833,1,3,3,1,1,3,2,2,1,4,2,4,3,1,5
834,5,5,5,5,5,5,5,5,5,5,5,5,5,5,5
835,3,3,1,3,2,4,2,1,1,5,4,2,1,2,5
836,5,2,1,1,2,4,1,1,2,4,4,2,1,5,5
837,5,1,1,1,2,1,1,1,1,2,5,1,1,1,4
838,5,5,5,5,5,5,5,5,4,5,5,5,4,5,5
839,1,4,2,3,2,3,3,4,1,2,2,4,2,3,4
84,2,4,1,1,1,1,2,1,1,2,2,1,1,1,4
840,2,4,1,1,3,1,2,1,1,4,3,2,1,4,4
841,5,4,5,5,5,4,4,5,4,4,5,4,5,5,5
842,2,2,1,2,4,2,1,1,1,4,2,1,1,3,4
843,5,5,3,4,5,5,5,3,4,5,5,4,3,5,5
844,4,3,2,4,2,4,5,3,2,1,3,2,3,1,5
845,1,1,1,1,4,1,1,1,4,1,1,1,1,1,5
846,5,5,1,4,4,3,1,1,1,4,3,3,1,4,4
847,4,2,1,1,2,4,1,1,4,4,4,1,1,2,5
848,4,4,4,1,1,3,1,5,2,5,3,3,5,3,5
849,4,5,1,4,4,4,4,1,4,4,4,4,2,4,5
85,5,3,4,4,4,5,4,5,4,4,4,3,3,5,5
850,4,3,1,1,4,1,3,2,1,4,2,1,1,4,4
851,5,4,4,4,2,4,4,5,2,2,4,4,2,2,5
852,5,5,4,5,5,5,5,5,5,5,5,5,5,5,5
853,2,4,1,2,2,4,4,2,1,4,2,3,1,3,5
854,5,1,1,1,3,3,4,1,1,3,3,1,1,4,4
855,5,3,1,5,4,5,4,3,4,1,2,5,4,4,5
856,5,5,4,5,5,5,4,2,3,5,5,5,3,5,5
857,5,4,3,2,3,5,5,4,2,5,3,5,2,5,5
859,5,3,1,2,1,4,2,1,4,3,4,2,1,3,5
86,3,3,1,1,4,1,3,4,4,4,2,3,2,3,2
860,5,5,5,5,5,5,3,5,5,5,4,5,5,5,5
861,5,3,1,1,3,2,2,2,1,4,4,2,1,3,5
862,5,5,5,5,5,5,5,5,5,5,5,5,5,5,5
863,5,5,5,3,3,5,4,5,4,5,3,5,3,4,5
864,4,1,1,1,1,1,1,1,1,4,2,1,1,2,2
865,4,5,5,4,4,4,4,5,5,5,4,5,4,5,5
866,5,5,5,5,5,5,4,5,5,5,5,5,5,5,5
867,5,5,5,4,4,5,4,4,3,4,4,4,3,3,5
868,5,4,4,3,5,5,3,5,2,1,5,3,5,5,5
869,2,4,4,1,1,2,4,4,2,5,3,4,2,4,5
87,5,2,1,1,1,1,1,1,3,4,5,1,1,2,4
870,5,4,2,4,4,4,4,4,2,4,3,4,3,3,5
871,4,5,2,4,4,4,4,4,4,5,4,3,5,5,4
872,4,4,3,3,3,2,2,3,3,4,3,3,3,3,5
873,5,5,1,3,5,4,5,1,1,5,5,5,3,5,5
874,5,3,4,2,1,3,2,5,3,4,5,4,4,5,5
875,3,1,1,1,2,2,1,1,1,4,1,2,1,1,3
876,5,4,3,5,5,3,1,3,1,4,1,1,1,5,5
877,2,1,1,2,1,1,1,2,2,4,1,2,1,1,4
878,5,5,3,2,4,5,2,3,1,2,4,2,2,4,5
879,4,4,2,2,2,4,2,2,2,5,4,2,2,4,4
88,2,1,1,1,1,2,1,1,1,1,1,1,1,2,1
880,5,5,4,4,5,5,4,4,4,5,4,3,3,4,5
881,4,4,4,3,2,5,4,5,4,5,2,5,4,4,5
882,4,3,1,4,5,2,1,1,2,5,5,1,1,4,5
883,5,5,5,5,5,5,5,5,4,4,5,5,5,4,5
884,5,5,3,4,5,5,5,4,3,4,5,5,4,5,5
885,1,3,2,2,2,1,3,4,2,4,3,3,4,2,4
886,5,1,1,5,5,5,5,5,5,5,5,1,5,5,5
887,1,1,1,1,4,1,1,1,1,1,1,1,1,1,1
888,3,5,3,5,4,5,4,3,4,4,3,4,3,4,5
889,3,2,1,2,1,3,1,1,1,1,1,1,1,2,1
89,3,2,1,2,4,3,2,3,4,3,2,3,1,3,4
890,5,5,5,3,4,4,2,5,1,4,5,2,5,4,5
891,5,3,2,2,2,5,3,3,1,5,4,2,3,3,4
892,4,1,1,1,1,4,1,1,1,1,4,1,1,1,4
893,2,1,1,1,2,2,1,1,1,4,3,1,1,2,5
894,2,4,1,2,1,2,4,1,1,4,4,1,1,1,5
895,3,2,1,1,1,2,2,1,1,3,3,1,1,2,4
896,5,5,1,3,4,4,5,1,2,1,5,4,1,4,5
897,3,2,1,1,3,3,1,2,1,3,4,1,2,1,4
898,3,4,2,3,3,4,3,2,4,4,3,4,3,4,5
899,3,1,2,2,4,2,2,1,1,3,3,2,1,3,4
9,5,5,1,5,5,5,3,1,1,5,5,5,1,5,5
90,5,5,1,3,3,5,3,1,1,4,5,3,1,5,5
900,5,5,3,4,4,4,5,4,2,2,4,4,4,2,4
901,4,1,1,2,2,1,2,1,1,1,3,1,1,1,4
902,5,5,3,4,5,5,4,3,5,5,5,4,2,5,5
903,5,4,1,5,4,5,4,2,3,4,4,4,3,5,5
904,5,1,1,3,3,4,1,1,1,4,4,1,1,2,5
905,4,4,1,2,1,2,1,4,1,5,2,2,4,2,5
906,5,5,1,5,5,5,5,5,3,5,5,4,2,4,5
907,3,2,1,1,4,1,1,2,1,1,1,1,1,3,5
908,2,2,1,3,2,4,3,1,2,4,3,2,1,1,4
909,1,2,1,2,4,1,2,1,1,4,2,1,1,1,3
91,4,3,3,4,5,4,2,3,3,4,3,3,3,5,5
910,5,1,1,2,1,2,1,1,1,4,1,1,1,2,2
911,2,3,1,2,1,2,2,1,1,3,2,2,1,2,4
912,5,2,1,3,2,5,2,2,3,1,5,5,4,3,4
913,1,2,1,4,4,2,2,2,2,3,1,4,2,4,5
914,1,1,1,1,1,1,1,1,1,1,1,1,1,1,1
915,2,2,1,2,3,2,2,1,1,2,2,1,1,1,2
916,4,2,2,2,5,4,1,3,4,5,4,1,1,5,5
917,2,1,1,1,1,2,1,1,1,2,5,1,1,1,4
918,4,1,1,3,4,1,2,1,1,1,4,1,1,1,4
919,4,2,3,3,4,2,1,5,2,5,4,1,5,4,4
92,1,1,1,1,1,1,1,1,1,3,3,1,1,1,4
920,3,3,1,1,3,1,3,1,1,4,3,3,1,2,5
921,1,2,1,1,4,1,1,1,3,4,3,2,1,2,5
922,1,1,1,1,1,1,1,1,1,1,2,1,1,1,1
923,2,1,1,1,2,1,1,1,1,3,1,1,1,1,4
924,4,4,2,2,4,4,2,2,1,1,1,1,1,1,4
925,5,5,5,5,5,5,5,5,5,5,5,5,5,5,5
926,3,4,2,3,3,3,4,2,3,3,3,4,3,5,4
927,1,2,1,2,2,2,1,3,1,2,1,2,1,3,4
928,5,3,2,3,5,5,2,2,2,2,3,1,2,3,5
929,5,5,5,5,5,5,5,5,5,5,5,5,5,5,5
93,5,3,1,2,1,5,5,2,2,5,5,5,2,5,5
930,1,2,1,4,2,3,4,1,4,4,1,4,2,2,4
931,4,4,1,4,4,5,5,3,4,5,4,4,4,5,5
932,5,1,1,1,4,5,2,1,1,3,4,2,1,2,5
933,5,3,3,4,2,2,2,4,1,2,5,2,3,5,5
934,4,4,1,1,2,1,4,1,5,4,3,4,1,5,5
935,1,1,1,2,4,1,1,1,1,1,1,1,1,1,4
936,5,5,2,2,5,5,3,2,3,5,5,5,3,5,5
937,4,1,2,1,2,1,2,3,4,4,4,1,3,4,4
938,1,1,1,1,2,1,1,1,1,1,1,1,1,1,2
939,5,4,1,1,4,4,4,1,3,5,5,4,1,4,5
94,5,5,1,4,4,5,5,4,4,5,4,4,3,4,5
940,5,5,3,5,5,5,5,3,3,5,5,5,3,5,5
941,3,3,1,3,5,4,1,2,3,4,4,2,3,2,5
942,3,2,1,1,1,1,1,1,1,3,2,1,1,1,3
944,2,4,1,2,3,3,1,1,2,3,3,1,1,2,4
945,4,4,1,1,2,4,1,4,1,5,2,1,1,1,5
946,3,2,1,3,3,3,1,1,2,4,3,1,1,4,3
947,1,1,1,1,1,1,1,1,1,1,1,1,1,1,1
948,4,2,1,2,3,4,2,1,1,1,4,2,1,4,4
949,2,3,1,1,1,1,4,1,1,2,3,2,1,1,4
95,2,2,2,1,3,2,2,1,1,3,2,2,1,1,2
950,4,1,1,2,2,1,1,4,1,4,1,1,1,1,4
951,4,5,4,4,4,5,5,5,4,4,5,5,5,4,5
952,1,2,1,2,3,1,2,1,1,5,1,1,1,2,4
953,1,2,1,1,2,1,1,1,2,4,1,1,1,1,4
954,4,5,4,3,4,4,4,4,1,1,2,2,2,1,4
955,3,2,1,2,2,2,2,2,2,3,3,3,2,3,4
956,5,4,3,4,4,3,4,3,3,4,2,3,3,5,5
957,1,1,1,1,1,1,1,1,1,4,1,1,1,1,3
958,4,3,1,1,1,1,1,1,1,4,2,1,1,1,4
959,4,1,1,1,4,1,2,1,1,5,3,1,1,1,5
96,4,2,1,1,1,4,1,1,2,1,2,2,1,3,3
960,3,4,4,2,5,3,4,3,2,4,3,4,2,2,5
961,1,1,1,1,1,1,1,1,1,1,1,1,1,1,1
962,5,2,2,1,4,2,4,2,1,3,4,2,1,1,5
963,1,1,1,2,2,1,1,1,1,4,1,1,1,1,2
964,1,1,1,2,3,1,1,1,3,1,2,1,1,2,5
965,1,4,1,1,1,1,5,1,1,5,1,1,1,1,5
966,5,5,3,5,5,5,5,5,3,5,5,5,3,5,5
967,1,4,1,1,3,1,1,1,1,4,1,1,1,1,3
968,1,2,1,2,1,2,3,1,1,2,2,2,1,1,2
969,2,4,1,4,4,4,4,2,2,4,2,4,2,3,4
97,4,4,4,4,4,3,4,5,3,3,2,4,3,3,4
970,5,1,1,1,1,5,1,3,1,2,2,1,1,3,5
971,5,5,1,4,4,5,4,3,5,4,4,5,4,4,5
972,5,5,5,5,5,5,5,5,5,5,5,5,5,5,5
973,1,1,1,1,5,1,1,1,4,5,1,1,1,5,5
974,3,1,1,3,2,3,1,1,1,1,4,1,1,4,3
975,5,4,2,2,5,5,2,4,2,4,4,3,4,5,5
976,5,3,5,5,5,5,2,5,4,4,3,3,3,4,5
977,1,2,1,1,1,2,4,2,5,3,3,2,1,2,4
978,4,4,3,4,5,3,3,3,5,5,4,4,3,4,5
98,4,4,4,4,4,5,4,5,5,5,4,5,3,3,4
980,4,4,1,1,2,1,2,1,1,3,4,2,1,1,4
981,3,3,4,4,4,3,2,5,2,4,4,2,2,5,4
982,5,1,1,5,5,1,1,3,1,5,4,1,1,5,5
984,5,3,5,5,5,3,3,5,1,1,5,1,5,5,5
985,1,2,1,1,2,1,1,1,1,3,1,1,1,1,3
986,2,2,1,2,2,2,2,1,1,2,1,1,1,1,4
987,5,5,2,5,5,5,5,1,1,5,5,5,2,5,5
988,3,1,1,2,4,4,2,1,2,3,3,1,1,3,4
989,5,3,2,5,5,3,1,3,5,4,4,4,3,5,5
99,2,1,1,1,3,2,1,1,1,2,1,1,1,1,4
990,3,2,1,2,1,1,2,1,1,2,3,1,1,1,5
991,5,5,4,5,5,5,3,4,4,5,4,4,3,3,5
992,4,4,1,1,1,2,1,1,1,3,1,1,1,1,3
993,2,1,1,1,2,2,1,2,1,2,3,1,1,2,5
994,3,4,1,4,4,3,4,1,4,4,3,4,1,4,4
995,5,5,3,4,5,5,4,4,5,5,5,5,4,5,5
996,5,5,4,4,4,5,5,5,5,3,5,5,4,5,5
997,4,3,3,4,2,4,3,4,1,2,3,2,2,2,2
998,2,2,2,1,5,3,1,3,1,4,2,3,3,2,5
999,4,4,4,3,2,4,3,5,4,4,3,4,4,4,4
